site_id,horizon,incubation,fraction,site_id_horizon_incubation_fraction,horizon_type,pH,LOI_g100g,bpca_total_bpca_gkgsoil,Al_NH4Act_ugg,Ca_NH4Act_ugg,K_NH4Act_ugg,Mg_NH4Act_ugg,Na_NH4Act_ugg,Al_KCl_ugg,Fe_KCl_ugg,proportion_sand,proportion_silt,proportion_clay,total_ssa_m2g,notes
WREF,A1,PRE,BULK,WREF_A1_PRE_BULK,A-Horizon,4.87,10.532,0.9815159410000001,27.94,129.61,92.47,23.41,47.74,92.8,5.61,6.53,61.14,32.33,7.63511508,NA
WREF,Bw1,PRE,BULK,WREF_Bw1_PRE_BULK,Upper B-Horizon,6.36,5.547,0.235662399,2.23,82.91,70.99,14.93,88.13,5.76,0.67,9.8,62.35,27.85,7.22134189,NA
WREF,Bw2,PRE,BULK,WREF_Bw2_PRE_BULK,Lower B-Horizon,6.61,4.89,0.19738420199999998,6.99,73.32,45.1,12.03,85.79,6.48,0.74,4.78,61.06,34.16,8.09847929,NA
LENO,A2,PRE,BULK,LENO_A2_PRE_BULK,A-Horizon,5.9,5.88,0.170387464,0,2346.56,154.32,271.02,202.87,53.05,0.84,9.43,71.85,18.72,4.28419092,NA
LENO,Bg,PRE,BULK,LENO_Bg_PRE_BULK,Upper B-Horizon,5.79,4.263,0.137033211,0,1313.58,91.66,132.71,150.02,66.9,0.73,23.77,65.7,10.53,2.92845868,NA
LENO,Btg3,PRE,BULK,LENO_Btg3_PRE_BULK,Lower B-Horizon,5.35,5.338,0.127877553,0,1928.53,164.04,169.9,252.14,471.2,0.94,6.02,68.94,25.04,5.17113137,NA
KONA,Ap,PRE,BULK,KONA_Ap_PRE_BULK,A-Horizon,5.62,5.702,0.336569828,0,3438.51,240.45,405.11,167.15,3.24,0.69,4.15,75.76,20.09,4.36881797,NA
KONA,Bt1,PRE,BULK,KONA_Bt1_PRE_BULK,Upper B-Horizon,6.2,5.041,0.15555328200000001,0,4171.74,284.01,568.46,220.73,3.05,0.67,2.71,74.88,22.41,3.22583236,NA
KONA,Btk,PRE,BULK,KONA_Btk_PRE_BULK,Lower B-Horizon,6.52,3.81,0.011595996000000003,0,5641.52,298.31,599.87,339.38,3.09,0.75,0.21,70.08,29.71,7.4124295,NA
OAES,Ak,PRE,BULK,OAES_Ak_PRE_BULK,A-Horizon,6.62,5.007,0.082742124,0,5064.23,237.27,659.59,131.96,3.26,0.69,11.14,67.69,21.17,5.24302295,NA
OAES,Bk1,PRE,BULK,OAES_Bk1_PRE_BULK,Upper B-Horizon,6.84,3.743,NA,0,5067.4,133.32,628.37,198.08,2.99,0.65,3.79,67.67,28.54,6.98334049,NA
OAES,Bk2,PRE,BULK,OAES_Bk2_PRE_BULK,Lower B-Horizon,7.16,2.303,5.4e-4,0,4477.77,129.98,687.1,175.27,3.01,0.68,4.18,68.69,27.13,7.21762383,NA
NIWO,A,PRE,BULK,NIWO_A_PRE_BULK,A-Horizon,5.55,14.491,1.385340409,NA,1384.46,222.51,154.9,88.85,68.49,3.38,26.28,57.78,15.94,4.3542116,NA
NIWO,Bw1,PRE,BULK,NIWO_Bw1_PRE_BULK,Upper B-Horizon,5.84,2.934,0.082188253,5.24,300.48,51.07,43.62,40.38,152.61,3.64,34.74,56.75,8.51,3.90963736,NA
NIWO,Bw2,PRE,BULK,NIWO_Bw2_PRE_BULK,Lower B-Horizon,5.6,2.305,0.067418299,8.79,232.63,75.31,34.32,45.07,153.4,8.51,30.19,60.14,9.67,2.19657227,NA
UNDE,A,PRE,BULK,UNDE_A_PRE_BULK,A-Horizon,4.93,5.687,0.54133377,NA,1366.13,78.1966,218.745,NA,91.08,4.55,51.39,38.28,10.33,3.78231043,sample from megapit
UNDE,Bhs,PRE,BULK,UNDE_Bhs_PRE_BULK,Upper B-Horizon,5.4,3.401,0.291960421,6.66,317.52,34.08,34.08,40.58,82.12,1.43,52.06,36.11,11.83,3.10153133,NA
UNDE,Bs1,PRE,BULK,UNDE_Bs1_PRE_BULK,Lower B-Horizon,5.25,1.507,0.053292158,6.17,113.29,17.37,17.56,39.12,55.08,1.81,69.54,23.35,7.11,3.66499164,NA
SJER,A,PRE,BULK,SJER_A_PRE_BULK,A-Horizon,5.71,2.407,0.13522605199999999,0,485.68,96.07,42.94,77.74,4.02,0.7,69.08,27.53,3.39,1.55051209,NA
SJER,Bw1,PRE,BULK,SJER_Bw1_PRE_BULK,Upper B-Horizon,8.22,1.776,0.0064789552,0,589.32,71.55,63.78,99.02,5.8,1.3,61.73,33.91,4.36,1.98779738,NA
JORN,Ak,PRE,BULK,JORN_Ak_PRE_BULK,A-Horizon,8.41,1.72,0.017620262,0,3730.43,186.56,118.45,45.98,3.33,0.71,89.51,7.91,2.58,0.14285224,NA
JORN,Bk1,PRE,BULK,JORN_Bk1_PRE_BULK,Upper B-Horizon,8.6,1.995,0.009016514,0,4151.63,136.82,115.47,62.97,3.16,0.69,79.94,13.8,6.26,2.05555404,NA
JORN,2Bk1,PRE,BULK,JORN_2Bk1_PRE_BULK,Lower B-Horizon,7.73,4.147,0.002014698,0,5131.61,90.83,321.66,251.02,3.18,0.7,28.68,25.7,45.62,11.1892796,NA
STEI,A1,PRE,BULK,STEI_A1_PRE_BULK,A-Horizon,5.86,7.314,0.576573137,NA,590.28,119.1,83.32,62.73,94.03,11.53,28.09,57.47,14.44,2.65161411,NA
STEI,Bs1,PRE,BULK,STEI_Bs1_PRE_BULK,Upper B-Horizon,5.51,3.235,0.296992291,NA,201.55,33.84,28.87,56.48,98.36,5.49,12.38,68.05,19.57,4.19630605,NA
STEI,BC2,PRE,BULK,STEI_BC2_PRE_BULK,Lower B-Horizon,6.61,0.912,0.003635626,0,337.2,26.86,73.33,58.64,14.31,1.01,64.51,25.05,10.44,4.45557324,NA
ONAQ,Ak,PRE,BULK,ONAQ_Ak_PRE_BULK,A-Horizon,8.44,3.377,0.028565134000000002,0,4801.65,506.52,228.67,133.94,2.92,0.68,34.71,47.14,18.15,4.31669813,NA
ONAQ,Bk1,PRE,BULK,ONAQ_Bk1_PRE_BULK,Upper B-Horizon,9.06,2.567,0.008973789,0,4584.82,702.79,356.22,220.18,3.07,0.69,23.17,53.52,23.31,5.58954589,NA
ONAQ,Bk2,PRE,BULK,ONAQ_Bk2_PRE_BULK,Lower B-Horizon,9.57,2.45,0.0052308630000000005,0,4263.35,255.53,472.26,1530.97,2.92,0.68,19.39,55.83,24.78,6.37050052,NA
GRSM,A,PRE,BULK,GRSM_A_PRE_BULK,A-Horizon,5.43,9.298,1.441521629,7.81,587.99,221.95,69.78,44.33,51.97,0.87,0.75,69.3,29.95,5.95800966,NA
GRSM,Bt1,PRE,BULK,GRSM_Bt1_PRE_BULK,Upper B-Horizon,5.54,3.744,0.19780361999999999,4.62,104.79,69.53,19.67,50.69,174.94,0.94,24.33,59,16.67,3.61382464,NA
GRSM,Bt2,PRE,BULK,GRSM_Bt2_PRE_BULK,Lower B-Horizon,5.33,1.968,0.015026753,2.02,61.98,64.07,13.52,38.3,137.08,0.88,11.82,71.84,16.34,3.85829907,NA
WOOD,Apk,PRE,BULK,WOOD_Apk_PRE_BULK,A-Horizon,8.05,4.961,0.183095404,0,5120.08,171.55,189.1,41.65,3.25,0.69,58.35,29.2,12.45,5.60715076,NA
WOOD,Bk1,PRE,BULK,WOOD_Bk1_PRE_BULK,Upper B-Horizon,8.52,2.117,0.021210411000000002,0,4747.11,82.33,255.21,46.62,3.2,0.7,53.44,31.48,15.08,3.34188891,NA
WOOD,2Ck,PRE,BULK,WOOD_2Ck_PRE_BULK,Lower B-Horizon,8.95,1.06,0.00652573,0,3617.42,58.11,124.05,42.86,2.93,0.68,30.13,50.32,19.55,5.12683413,NA
SRER,Ak1,PRE,BULK,SRER_Ak1_PRE_BULK,A-Horizon,7.68,2.129,0.005978037,0,4328.63,129.41,96.89,29.41,3.09,0.7,59.03,31.95,9.02,3.96020983,NA
SRER,Bw,PRE,BULK,SRER_Bw_PRE_BULK,Upper B-Horizon,8.21,2.151,0.023294003,0,4268.68,77.85,165.55,43.31,3.03,0.68,67.46,25.66,6.88,3.30795805,NA
SRER,Ck,PRE,BULK,SRER_Ck_PRE_BULK,Lower B-Horizon,8.67,1.696,1.5900000000000002e-4,0,3979.3,59.7,236.25,169.26,3.02,0.68,29.88,47.59,22.53,6.3358961,NA
TREE,A1,PRE,BULK,TREE_A1_PRE_BULK,A-Horizon,5,6.014,0.522608425,NA,1549.64,78.1966,145.83,NA,84.25,4.39,55.16,38.69,6.15,3.47056662,sample from megapit
TREE,Bs2,PRE,BULK,TREE_Bs2_PRE_BULK,Upper B-Horizon,5.43,2.013,0.098463253,4.99,167.78,26.79,38.61,47.09,81.76,4.34,49.82,38.53,11.65,4.80674778,NA
TREE,BC1,PRE,BULK,TREE_BC1_PRE_BULK,Lower B-Horizon,5.82,1.043,0.030138888,0.98,264.61,27.11,50.57,47.59,20.45,1.09,53.61,30.75,15.64,3.65337155,NA
CLBJ,A1,PRE,BULK,CLBJ_A1_PRE_BULK,A-Horizon,5.78,3.626,0.318986781,0,1438.73,107.08,119.51,56.98,3.21,0.88,66.84,27.47,5.69,1.46854951,NA
CLBJ,Bt1,PRE,BULK,CLBJ_Bt1_PRE_BULK,Upper B-Horizon,5.29,1.994,0.027776751000000002,0,854.94,151.17,357.02,71.47,67.65,0.95,55.81,37.83,6.36,1.70209175,NA
CLBJ,Bt4,PRE,BULK,CLBJ_Bt4_PRE_BULK,Lower B-Horizon,5.65,1.835,0.021157124,0,1351.01,158.03,483.69,57.93,59.46,0.69,60.45,35.32,4.23,0.11346952,NA
DCFS,A1,PRE,BULK,DCFS_A1_PRE_BULK,A-Horizon,6.19,11.366,1.370556,0,3339.07,715.57,756.77,90.07,3.04,0.76,0,60.64,39.36,10.3618982,NA
DCFS,Bw1,PRE,BULK,DCFS_Bw1_PRE_BULK,Upper B-Horizon,6.74,3.428,0.090422318,0,2448.37,283.58,878.9,84.56,3.07,0.77,21.83,56.33,21.84,5.31712015,NA
DCFS,Bk2,PRE,BULK,DCFS_Bk2_PRE_BULK,Lower B-Horizon,8.8,2.924,0.017349306,0,4232.24,160.86,1450.26,104.42,2.81,0.66,9.78,60.12,30.1,7.22804942,NA
MLBS,A,PRE,BULK,MLBS_A_PRE_BULK,A-Horizon,3.51,22.86,2.082376726,28.45,153.62,252.84,77.62,36.65,632.51,70.66,3.25,63.19,33.56,3.58966105,NA
MLBS,Bw1,PRE,BULK,MLBS_Bw1_PRE_BULK,Upper B-Horizon,4.76,3.32,0.290843881,17.93,50.45,63.46,13.07,23.56,252.97,4.46,53.04,29.52,17.44,4.08040494,NA
MLBS,Bg,PRE,BULK,MLBS_Bg_PRE_BULK,Lower B-Horizon,4.48,2.717,0.197641223,4.08,42.31,73.09,8.62,30.66,191.43,4.61,27.74,42.96,29.3,7.51512852,NA
RMNP,A1,PRE,BULK,RMNP_A1_PRE_BULK,A-Horizon,6.49,4.79,0.55493339,0,1261.08,140.88,124.86,95.21,7.27,1.23,8.72,63.75,27.53,6.49722992,NA
RMNP,Bt,PRE,BULK,RMNP_Bt_PRE_BULK,Upper B-Horizon,6.83,1.894,0.080891863,0,651.35,79.96,67.39,67.59,5.06,1.15,36.26,50.76,12.98,2.95652425,NA
RMNP,B/C,PRE,BULK,RMNP_B/C_PRE_BULK,Lower B-Horizon,6.76,1.732,0.014678741,0,549.03,70.77,87.49,52.99,6.91,5.87,38.81,49.49,11.7,3.29709354,NA
BLAN,Ap1,PRE,BULK,BLAN_Ap1_PRE_BULK,A-Horizon,6.14,4.809,0.34783658100000003,0,1032.48,206.33,126.62,62.62,3.23,0.78,7.01,63.76,29.23,5.40898846,NA
BLAN,Bt1,PRE,BULK,BLAN_Bt1_PRE_BULK,Upper B-Horizon,6.66,4.898,0.011115456000000001,0,1319.3,96.7,164.49,71.32,3.1,0.68,7.22,57.11,35.67,10.0165698,NA
BLAN,Bt3,PRE,BULK,BLAN_Bt3_PRE_BULK,Lower B-Horizon,5.58,4.543,0.00552025,0,915.29,114.9,225.34,53.73,62.96,0.77,6.86,62.62,30.52,8.23985923,NA
NGPR,A,PRE,BULK,NGPR_A_PRE_BULK,A-Horizon,5.92,6.366,0.246853231,0,2696.61,440.17,743.04,149.28,3.18,0.77,5.28,64.67,30.05,5.68614686,NA
NGPR,Bt1,PRE,BULK,NGPR_Bt1_PRE_BULK,Upper B-Horizon,6.32,3.873,0.104205258,0,2343.06,192.11,937.68,163.16,3.05,0.67,15.39,65.63,18.98,4.73105874,NA
NGPR,Btk1,PRE,BULK,NGPR_Btk1_PRE_BULK,Lower B-Horizon,6.74,3.371,0.028860333000000002,0,4840.57,151.61,1205.35,183.16,3.1,0.77,20.29,57.17,22.54,5.5783455,NA
ABBY,A,PRE,BULK,ABBY_A_PRE_BULK,A-horizon,5.17,18.479,2.796355911,NA,2039,234.5898,291.66,NA,118.19,1.22,22.63,46.34,31.03,7.90987538,sample from megapit
ABBY,Bt1,PRE,BULK,ABBY_Bt1_PRE_BULK,Upper B-Horizon,5.44,10.724,0.625011237,5.5,107.75,96.22,37.4,93.07,165.02,0.86,9.02,46.04,44.94,11.1836175,NA
ABBY,BC,PRE,BULK,ABBY_BC_PRE_BULK,Lower B-Horizon,5.33,10.454,NA,1.47,81.61,79.17,36.73,207.46,262.9,0.76,8.15,54.52,37.33,10.1349657,NA
MOAB,A,PRE,BULK,MOAB_A_PRE_BULK,A-Horizon,6.97,1.558,0.024106047,0,1814.14,228.09,206.43,74.92,3.59,0.8,78.46,16.4,5.14,2.61243197,NA
MOAB,Bk1,PRE,BULK,MOAB_Bk1_PRE_BULK,Upper B-Horizon,8.65,1.86,0.022064030000000002,0,4119.99,162.81,246.59,87.27,2.98,0.67,63.1,23.6,13.3,3.91060912,NA
MOAB,Bk3,PRE,BULK,MOAB_Bk3_PRE_BULK,Lower B-Horizon,9.07,1.499,8.68918e-4,0,3978.61,81.08,368.31,83.06,3.1,0.7,77.09,13.88,9.03,2.90512588,NA
SOAP,A,PRE,BULK,SOAP_A_PRE_BULK,A-Horizon,5.72,8.926,0.43142398899999995,0,1373.64,279.12,171.81,102.19,4.16,0.77,35.68,53.09,11.23,3.16624772,NA
SOAP,Bt1,PRE,BULK,SOAP_Bt1_PRE_BULK,Upper B-Horizon,5.77,8.979,0.012621819999999999,0,609.59,308.13,161.14,212.3,11.1,0.68,55.28,39.01,5.71,3.36745985,NA
SOAP,Bt3,PRE,BULK,SOAP_Bt3_PRE_BULK,Lower B-Horizon,5.57,8.061,0.005960463,0,521.84,191.25,152.52,235.17,11.16,0.66,57.85,37.35,4.8,2.84946152,NA
SCBI,A,PRE,BULK,SCBI_A_PRE_BULK,A-Horizon,6.06,12.413,0.823478378,0,2798.03,260.75,501.72,145.6,3.21,0.94,0,58.37,41.63,10.6706783,NA
SCBI,Bt1,PRE,BULK,SCBI_Bt1_PRE_BULK,Upper B-Horizon,5.19,6.195,0.0206178346,0,797.4,56.8,396.61,120.76,190.4,0.8,0.12,53.6,46.28,13.3950512,NA
SCBI,Bt2,PRE,BULK,SCBI_Bt2_PRE_BULK,Lower B-Horizon,5.72,5.995,0.14671582300000002,0,1370.32,62.71,643.2,139.69,27.74,0.68,0.15,59.12,40.73,10.3605713,NA
STER,Ap1,PRE,BULK,STER_Ap1_PRE_BULK,A-Horizon,6.53,4.083,0.11834359300000001,0,3520.27,705.91,445.62,145.12,3.19,0.68,21.64,58.93,19.43,4.88916703,NA
STER,Bkt1,PRE,BULK,STER_Bkt1_PRE_BULK,Upper B-Horizon,7.39,4.305,0.011893246,0,5907.58,767.58,779.58,173.53,3.07,0.67,24.11,54.47,21.42,5.42247304,NA
STER,Bkt2,PRE,BULK,STER_Bkt2_PRE_BULK,Lower B-Horizon,8,2.547,0.005849782,0,5247.91,747.12,633.3,204.97,3.16,0.67,38.22,44.58,17.2,3.9572757,NA
DSNY,A,PRE,BULK,DSNY_A_PRE_BULK,A-Horizon,4.84,4.291,0.785702857,0,406.23,147.39,24.98,18.64,6.04,0.88,89.6,7.81,2.59,1.13993045,NA
DSNY,Bh1,PRE,BULK,DSNY_Bh1_PRE_BULK,Upper B-Horizon,5.09,3.829,0.847250587,11.23,291.74,69.79,9.98,12.81,49.65,1.28,89.69,6.66,3.65,0.09140952,NA
DSNY,Bh2,PRE,BULK,DSNY_Bh2_PRE_BULK,Lower B-Horizon,5.02,1.78,0.369795297,12.23,64.36,26.31,5.14,11.55,46.05,1.07,90.12,6.14,3.74,1.55975409,NA
HARV,OA,PRE,BULK,HARV_OA_PRE_BULK,A-Horizon,3.68,67.609,4.194354817,35.31,353.55,545.51,346.78,75.22,705.18,61.64,50.26,42.55,7.19,3.06499543,NA
HARV,Bw1,PRE,BULK,HARV_Bw1_PRE_BULK,Upper B-Horizon,4.6,6.836,0.518514649,26.13,37.83,52.76,11.4,23.88,149.82,7.57,55.59,37.46,6.95,2.58169527,NA
HARV,Bw3,PRE,BULK,HARV_Bw3_PRE_BULK,Lower B-Horizon,5.04,2.949,0.064910303,4.47,36.8,68.97,11.39,32.07,28.79,4.8,65.12,29.67,5.21,1.97137478,NA
OSBS,AE,PRE,BULK,OSBS_AE_PRE_BULK,NA,NA,NA,NA,NA,NA,NA,NA,NA,NA,NA,NA,NA,NA,NA,NA
OSBS,A/B,PRE,BULK,OSBS_A/B_PRE_BULK,NA,4.93,0.684,NA,NA,NA,NA,NA,NA,NA,NA,NA,NA,NA,NA,NA
OSBS,Bh,PRE,BULK,OSBS_Bh_PRE_BULK,NA,4.55,0.922,NA,NA,NA,NA,NA,NA,NA,NA,NA,NA,NA,NA,NA
OSBS,Bw2,PRE,BULK,OSBS_Bw2_PRE_BULK,NA,4.81,0.435,NA,NA,NA,NA,NA,NA,NA,NA,NA,NA,NA,NA,NA
BART,OA,PRE,BULK,BART_OA_PRE_BULK,A-Horizon,4.43,60.218,5.982816989,27.84,601.57,425.75,119.88,76.79,401.07,15.48,9.42,70.02,20.56,2.84148683,NA
DSNY,EA,PRE,BULK,DSNY_EA_PRE_BULK,NA,5.13,0.643,NA,NA,NA,NA,NA,NA,NA,NA,NA,NA,NA,NA,NA
DSNY,E,PRE,BULK,DSNY_E_PRE_BULK,NA,5.42,0.368,NA,NA,NA,NA,NA,NA,NA,NA,NA,NA,NA,NA,NA
DSNY,EB,PRE,BULK,DSNY_EB_PRE_BULK,NA,5.07,1.236,NA,NA,NA,NA,NA,NA,NA,NA,NA,NA,NA,NA,NA
BART,Bgs1,PRE,BULK,BART_Bgs1_PRE_BULK,Upper B-Horizon,6.33,0.798,0.018371089,0,151.82,49.55,14.38,31.23,12.9,0.89,53.3,40.77,5.93,1.29340422,NA
BART,BC,PRE,BULK,BART_BC_PRE_BULK,Lower B-Horizon,6.32,0.465,2.1950000000000002e-4,0,235.75,43.09,20.48,24.44,4.79,0.8,47.61,47.16,5.23,0.1455127,NA
DSNY,E'1,PRE,BULK,DSNY_E'1_PRE_BULK,NA,5.15,0.245,NA,NA,NA,NA,NA,NA,NA,NA,NA,NA,NA,NA,NA
DSNY,E'2,PRE,BULK,DSNY_E'2_PRE_BULK,NA,5.01,0.309,NA,NA,NA,NA,NA,NA,NA,NA,NA,NA,NA,NA,NA
DSNY,B'h,PRE,BULK,DSNY_B'h_PRE_BULK,NA,5.04,0.499,NA,NA,NA,NA,NA,NA,NA,NA,NA,NA,NA,NA,NA
CPER,A2,PRE,BULK,CPER_A2_PRE_BULK,NA,6.12,2.968,NA,NA,NA,NA,NA,NA,NA,NA,NA,NA,NA,NA,NA
CPER,AB,PRE,BULK,CPER_AB_PRE_BULK,NA,6.27,2.569,NA,NA,NA,NA,NA,NA,NA,NA,NA,NA,NA,NA,NA
CPER,Bw2,PRE,BULK,CPER_Bw2_PRE_BULK,NA,6.42,2.075,NA,NA,NA,NA,NA,NA,NA,NA,NA,NA,NA,NA,NA
CPER,Bk1,PRE,BULK,CPER_Bk1_PRE_BULK,NA,8.72,2.25,NA,NA,NA,NA,NA,NA,NA,NA,NA,NA,NA,NA,NA
CPER,Bk2,PRE,BULK,CPER_Bk2_PRE_BULK,NA,8.65,2.255,NA,NA,NA,NA,NA,NA,NA,NA,NA,NA,NA,NA,NA
CPER,Btk1,PRE,BULK,CPER_Btk1_PRE_BULK,NA,8.58,3.969,NA,NA,NA,NA,NA,NA,NA,NA,NA,NA,NA,NA,NA
CPER,Btk2,PRE,BULK,CPER_Btk2_PRE_BULK,NA,8.69,4.785,NA,NA,NA,NA,NA,NA,NA,NA,NA,NA,NA,NA,NA
CPER,Bg1,PRE,BULK,CPER_Bg1_PRE_BULK,NA,8.82,3.499,NA,NA,NA,NA,NA,NA,NA,NA,NA,NA,NA,NA,NA
CPER,Bg2,PRE,BULK,CPER_Bg2_PRE_BULK,NA,8.07,2.155,NA,NA,NA,NA,NA,NA,NA,NA,NA,NA,NA,NA,NA
CPER,Bg3,PRE,BULK,CPER_Bg3_PRE_BULK,NA,8.69,1.699,NA,NA,NA,NA,NA,NA,NA,NA,NA,NA,NA,NA,NA
RMNP,A2,PRE,BULK,RMNP_A2_PRE_BULK,NA,5.58,5.075,NA,NA,NA,NA,NA,NA,NA,NA,NA,NA,NA,NA,NA
RMNP,AB,PRE,BULK,RMNP_AB_PRE_BULK,NA,5.77,2.246,NA,NA,NA,NA,NA,NA,NA,NA,NA,NA,NA,NA,NA
RMNP,Bw,PRE,BULK,RMNP_Bw_PRE_BULK,NA,5.71,1.343,NA,NA,NA,NA,NA,NA,NA,NA,NA,NA,NA,NA,NA
RMNP,Cr,PRE,BULK,RMNP_Cr_PRE_BULK,NA,6.2,1.359,NA,NA,NA,NA,NA,NA,NA,NA,NA,NA,NA,NA,NA
CPER,A1,PRE,BULK,CPER_A1_PRE_BULK,A-Horizon,6.26,2.908,0.092194389,NA,4771.26,195.4915,364.575,NA,3.11,0.85,70.71,20.11,9.18,4.35170137,sample from megapit
BLAN,Ap2,PRE,BULK,BLAN_Ap2_PRE_BULK,NA,5.89,3.616,NA,NA,NA,NA,NA,NA,NA,NA,NA,NA,NA,NA,NA
BLAN,AB,PRE,BULK,BLAN_AB_PRE_BULK,NA,5.97,3.161,NA,NA,NA,NA,NA,NA,NA,NA,NA,NA,NA,NA,NA
CPER,Bw1,PRE,BULK,CPER_Bw1_PRE_BULK,Upper B-Horizon,6.49,1.846,0.010751923,0,1998.03,138.03,385.37,60.54,2.95,0.74,67.01,21.17,11.82,4.53530183,NA
BLAN,Bt2,PRE,BULK,BLAN_Bt2_PRE_BULK,NA,5.18,6.309,NA,NA,NA,NA,NA,NA,NA,NA,NA,NA,NA,NA,NA
CPER,Btk3,PRE,BULK,CPER_Btk3_PRE_BULK,Lower B-Horizon,8.47,3.725,0.0013939129999999999,0,7696.67,215.48,1357.07,244.2,2.81,0.64,0.14,54.69,45.17,9.0405224,NA
BLAN,Bt4,PRE,BULK,BLAN_Bt4_PRE_BULK,NA,5.1,5.304,NA,NA,NA,NA,NA,NA,NA,NA,NA,NA,NA,NA,NA
BLAN,2C1,PRE,BULK,BLAN_2C1_PRE_BULK,NA,4.7,3.946,NA,NA,NA,NA,NA,NA,NA,NA,NA,NA,NA,NA,NA
BLAN,2C2,PRE,BULK,BLAN_2C2_PRE_BULK,NA,4.52,4.125,NA,NA,NA,NA,NA,NA,NA,NA,NA,NA,NA,NA,NA
SCBI,BA,PRE,BULK,SCBI_BA_PRE_BULK,NA,5.98,14.118,NA,NA,NA,NA,NA,NA,NA,NA,NA,NA,NA,NA,NA
SCBI,Bt3,PRE,BULK,SCBI_Bt3_PRE_BULK,NA,5.25,6.767,NA,NA,NA,NA,NA,NA,NA,NA,NA,NA,NA,NA,NA
SCBI,C/B,PRE,BULK,SCBI_C/B_PRE_BULK,NA,NA,NA,NA,NA,NA,NA,NA,NA,NA,NA,NA,NA,NA,NA,NA
SCBI,BC1,PRE,BULK,SCBI_BC1_PRE_BULK,NA,5.9,4.959,NA,NA,NA,NA,NA,NA,NA,NA,NA,NA,NA,NA,NA
SCBI,BC2,PRE,BULK,SCBI_BC2_PRE_BULK,NA,NA,NA,NA,NA,NA,NA,NA,NA,NA,NA,NA,NA,NA,NA,NA
SCBI,CB,PRE,BULK,SCBI_CB_PRE_BULK,NA,NA,NA,NA,NA,NA,NA,NA,NA,NA,NA,NA,NA,NA,NA,NA
SCBI,2Bt,PRE,BULK,SCBI_2Bt_PRE_BULK,NA,NA,NA,NA,NA,NA,NA,NA,NA,NA,NA,NA,NA,NA,NA,NA
DCFS,Oi,PRE,BULK,DCFS_Oi_PRE_BULK,NA,NA,NA,NA,NA,NA,NA,NA,NA,NA,NA,NA,NA,NA,NA,NA
DCFS,A2,PRE,BULK,DCFS_A2_PRE_BULK,NA,6.55,5.756,NA,NA,NA,NA,NA,NA,NA,NA,NA,NA,NA,NA,NA
DCFS,B/A,PRE,BULK,DCFS_B/A_PRE_BULK,NA,6.58,4.749,NA,NA,NA,NA,NA,NA,NA,NA,NA,NA,NA,NA,NA
DCFS,Bw2,PRE,BULK,DCFS_Bw2_PRE_BULK,NA,6.66,3.008,NA,NA,NA,NA,NA,NA,NA,NA,NA,NA,NA,NA,NA
DCFS,Bk1,PRE,BULK,DCFS_Bk1_PRE_BULK,NA,7.79,3.416,NA,NA,NA,NA,NA,NA,NA,NA,NA,NA,NA,NA,NA
WOOD,AB,PRE,BULK,WOOD_AB_PRE_BULK,NA,6.89,5.008,NA,NA,NA,NA,NA,NA,NA,NA,NA,NA,NA,NA,NA
WOOD,Bk2,PRE,BULK,WOOD_Bk2_PRE_BULK,NA,8.77,2.721,NA,NA,NA,NA,NA,NA,NA,NA,NA,NA,NA,NA,NA
NGPR,Bt2,PRE,BULK,NGPR_Bt2_PRE_BULK,NA,8.25,3.792,NA,NA,NA,NA,NA,NA,NA,NA,NA,NA,NA,NA,NA
NGPR,Btk2,PRE,BULK,NGPR_Btk2_PRE_BULK,NA,8.58,3.21,NA,NA,NA,NA,NA,NA,NA,NA,NA,NA,NA,NA,NA
STER,Ap2,PRE,BULK,STER_Ap2_PRE_BULK,NA,6.2,4.124,NA,NA,NA,NA,NA,NA,NA,NA,NA,NA,NA,NA,NA
STER,A/B,PRE,BULK,STER_A/B_PRE_BULK,NA,6.28,3.815,NA,NA,NA,NA,NA,NA,NA,NA,NA,NA,NA,NA,NA
STER,Bt,PRE,BULK,STER_Bt_PRE_BULK,NA,NA,NA,NA,NA,NA,NA,NA,NA,NA,NA,NA,NA,NA,NA,NA
STER,A',PRE,BULK,STER_A'_PRE_BULK,NA,NA,NA,NA,NA,NA,NA,NA,NA,NA,NA,NA,NA,NA,NA,NA
STER,B/C,PRE,BULK,STER_B/C_PRE_BULK,NA,8.34,2.312,NA,NA,NA,NA,NA,NA,NA,NA,NA,NA,NA,NA,NA
STER,Ck,PRE,BULK,STER_Ck_PRE_BULK,NA,8.56,1.832,NA,NA,NA,NA,NA,NA,NA,NA,NA,NA,NA,NA,NA
STER,C,PRE,BULK,STER_C_PRE_BULK,NA,8.55,1.671,NA,NA,NA,NA,NA,NA,NA,NA,NA,NA,NA,NA,NA
BART,Oe,PRE,BULK,BART_Oe_PRE_BULK,NA,NA,NA,NA,NA,NA,NA,NA,NA,NA,NA,NA,NA,NA,NA,NA
BART,AE,PRE,BULK,BART_AE_PRE_BULK,NA,NA,NA,NA,NA,NA,NA,NA,NA,NA,NA,NA,NA,NA,NA,NA
BART,BE,PRE,BULK,BART_BE_PRE_BULK,NA,NA,NA,NA,NA,NA,NA,NA,NA,NA,NA,NA,NA,NA,NA,NA
BART,EB,PRE,BULK,BART_EB_PRE_BULK,NA,NA,NA,NA,NA,NA,NA,NA,NA,NA,NA,NA,NA,NA,NA,NA
BART,E,PRE,BULK,BART_E_PRE_BULK,NA,NA,NA,NA,NA,NA,NA,NA,NA,NA,NA,NA,NA,NA,NA,NA
BART,Bw,PRE,BULK,BART_Bw_PRE_BULK,NA,5.54,0.593,NA,NA,NA,NA,NA,NA,NA,NA,NA,NA,NA,NA,NA
BART,Bhs,PRE,BULK,BART_Bhs_PRE_BULK,NA,NA,NA,NA,NA,NA,NA,NA,NA,NA,NA,NA,NA,NA,NA,NA
BART,Bo,PRE,BULK,BART_Bo_PRE_BULK,NA,5.43,0.876,NA,NA,NA,NA,NA,NA,NA,NA,NA,NA,NA,NA,NA
BART,Bgs2,PRE,BULK,BART_Bgs2_PRE_BULK,NA,5.42,0.558,NA,NA,NA,NA,NA,NA,NA,NA,NA,NA,NA,NA,NA
BART,Bgs3,PRE,BULK,BART_Bgs3_PRE_BULK,NA,5.74,0.514,NA,NA,NA,NA,NA,NA,NA,NA,NA,NA,NA,NA,NA
BART,Bg,PRE,BULK,BART_Bg_PRE_BULK,NA,5.65,0.489,NA,NA,NA,NA,NA,NA,NA,NA,NA,NA,NA,NA,NA
KONZ,A1,PRE,BULK,KONZ_A1_PRE_BULK,A-Horizon,6.76,6.963,0.436725182,0,2588.79,294.09,623.99,392.13,3.54,0.76,7.33,70.98,21.69,5.06624608,NA
HARV,AB,PRE,BULK,HARV_AB_PRE_BULK,NA,4.43,11.682,NA,NA,NA,NA,NA,NA,NA,NA,NA,NA,NA,NA,NA
KONZ,Bt1,PRE,BULK,KONZ_Bt1_PRE_BULK,Upper B-Horizon,6.88,6.277,0.08841198,0,3581.64,965.68,982.6,861.06,3.38,0.64,3.68,70.82,25.5,5.97260624,NA
HARV,Bw2,PRE,BULK,HARV_Bw2_PRE_BULK,NA,5.01,3.733,NA,NA,NA,NA,NA,NA,NA,NA,NA,NA,NA,NA,NA
KONZ,Bt2,PRE,BULK,KONZ_Bt2_PRE_BULK,Lower B-Horizon,8.23,4.87,0.013237091999999999,0,3551.37,220.73,949.6,1055.71,3.06,0.76,6.06,69.48,24.46,4.93197659,NA
HARV,2BC,PRE,BULK,HARV_2BC_PRE_BULK,NA,4.94,2.079,NA,NA,NA,NA,NA,NA,NA,NA,NA,NA,NA,NA,NA
HARV,2CB,PRE,BULK,HARV_2CB_PRE_BULK,NA,5.85,1.129,NA,NA,NA,NA,NA,NA,NA,NA,NA,NA,NA,NA,NA
SERC,AB,PRE,BULK,SERC_AB_PRE_BULK,NA,4.96,2.74,NA,NA,NA,NA,NA,NA,NA,NA,NA,NA,NA,NA,NA
SERC,Bt2,PRE,BULK,SERC_Bt2_PRE_BULK,NA,4.32,2.655,NA,NA,NA,NA,NA,NA,NA,NA,NA,NA,NA,NA,NA
SERC,Bt3,PRE,BULK,SERC_Bt3_PRE_BULK,NA,4.68,2.357,NA,NA,NA,NA,NA,NA,NA,NA,NA,NA,NA,NA,NA
SERC,Btg1,PRE,BULK,SERC_Btg1_PRE_BULK,NA,4.5,2.955,NA,NA,NA,NA,NA,NA,NA,NA,NA,NA,NA,NA,NA
SERC,Btg2,PRE,BULK,SERC_Btg2_PRE_BULK,NA,4.04,3.302,NA,NA,NA,NA,NA,NA,NA,NA,NA,NA,NA,NA,NA
SERC,BC,PRE,BULK,SERC_BC_PRE_BULK,NA,4.61,2.359,NA,NA,NA,NA,NA,NA,NA,NA,NA,NA,NA,NA,NA
SERC,B/C,PRE,BULK,SERC_B/C_PRE_BULK,NA,4.74,1.84,NA,NA,NA,NA,NA,NA,NA,NA,NA,NA,NA,NA,NA
SERC,C,PRE,BULK,SERC_C_PRE_BULK,NA,4.39,2.36,NA,NA,NA,NA,NA,NA,NA,NA,NA,NA,NA,NA,NA
SERC,Btg3,PRE,BULK,SERC_Btg3_PRE_BULK,NA,NA,NA,NA,NA,NA,NA,NA,NA,NA,NA,NA,NA,NA,NA,NA
ORNL,Oe,PRE,BULK,ORNL_Oe_PRE_BULK,NA,NA,NA,NA,NA,NA,NA,NA,NA,NA,NA,NA,NA,NA,NA,NA
ORNL,AE,PRE,BULK,ORNL_AE_PRE_BULK,NA,4.76,5.993,NA,NA,NA,NA,NA,NA,NA,NA,NA,NA,NA,NA,NA
ORNL,E,PRE,BULK,ORNL_E_PRE_BULK,NA,4.76,2.256,NA,NA,NA,NA,NA,NA,NA,NA,NA,NA,NA,NA,NA
ORNL,EB,PRE,BULK,ORNL_EB_PRE_BULK,NA,4.65,2.361,NA,NA,NA,NA,NA,NA,NA,NA,NA,NA,NA,NA,NA
ORNL,Bt3,PRE,BULK,ORNL_Bt3_PRE_BULK,NA,4.56,3.675,NA,NA,NA,NA,NA,NA,NA,NA,NA,NA,NA,NA,NA
GRSM,AB,PRE,BULK,GRSM_AB_PRE_BULK,NA,4.9,7.713,NA,NA,NA,NA,NA,NA,NA,NA,NA,NA,NA,NA,NA
GRSM,Bw1,PRE,BULK,GRSM_Bw1_PRE_BULK,NA,4.94,3.526,NA,NA,NA,NA,NA,NA,NA,NA,NA,NA,NA,NA,NA
GRSM,Bw2,PRE,BULK,GRSM_Bw2_PRE_BULK,NA,4.75,1.932,NA,NA,NA,NA,NA,NA,NA,NA,NA,NA,NA,NA,NA
GRSM,C,PRE,BULK,GRSM_C_PRE_BULK,NA,5.27,1.491,NA,NA,NA,NA,NA,NA,NA,NA,NA,NA,NA,NA,NA
MLBS,Oe,PRE,BULK,MLBS_Oe_PRE_BULK,NA,NA,NA,NA,NA,NA,NA,NA,NA,NA,NA,NA,NA,NA,NA,NA
MLBS,AB,PRE,BULK,MLBS_AB_PRE_BULK,NA,4.21,8.478,NA,NA,NA,NA,NA,NA,NA,NA,NA,NA,NA,NA,NA
MLBS,Bw2,PRE,BULK,MLBS_Bw2_PRE_BULK,NA,4.6,1.011,NA,NA,NA,NA,NA,NA,NA,NA,NA,NA,NA,NA,NA
MLBS,2C,PRE,BULK,MLBS_2C_PRE_BULK,NA,4.6,1.232,NA,NA,NA,NA,NA,NA,NA,NA,NA,NA,NA,NA,NA
MLBS,2Cg1,PRE,BULK,MLBS_2Cg1_PRE_BULK,NA,4.14,1.548,NA,NA,NA,NA,NA,NA,NA,NA,NA,NA,NA,NA,NA
MLBS,2Cg2,PRE,BULK,MLBS_2Cg2_PRE_BULK,NA,4.67,1.351,NA,NA,NA,NA,NA,NA,NA,NA,NA,NA,NA,NA,NA
TALL,A2,PRE,BULK,TALL_A2_PRE_BULK,NA,5.58,1.52,NA,NA,NA,NA,NA,NA,NA,NA,NA,NA,NA,NA,NA
TALL,A/B,PRE,BULK,TALL_A/B_PRE_BULK,NA,4.62,3.269,NA,NA,NA,NA,NA,NA,NA,NA,NA,NA,NA,NA,NA
TALL,Bt2,PRE,BULK,TALL_Bt2_PRE_BULK,NA,4.59,2.077,NA,NA,NA,NA,NA,NA,NA,NA,NA,NA,NA,NA,NA
TALL,Btg,PRE,BULK,TALL_Btg_PRE_BULK,NA,4.44,4.296,NA,NA,NA,NA,NA,NA,NA,NA,NA,NA,NA,NA,NA
TALL,BC,PRE,BULK,TALL_BC_PRE_BULK,NA,4.45,3.31,NA,NA,NA,NA,NA,NA,NA,NA,NA,NA,NA,NA,NA
KONZ,Bt3,PRE,BULK,KONZ_Bt3_PRE_BULK,NA,8.24,5.93,NA,NA,NA,NA,NA,NA,NA,NA,NA,NA,NA,NA,NA
UNDE,Bs2,PRE,BULK,UNDE_Bs2_PRE_BULK,NA,5,1.07,NA,NA,NA,NA,NA,NA,NA,NA,NA,NA,NA,NA,NA
UNDE,Bt1,PRE,BULK,UNDE_Bt1_PRE_BULK,NA,5.3,0.981,NA,NA,NA,NA,NA,NA,NA,NA,NA,NA,NA,NA,NA
UNDE,Bt2,PRE,BULK,UNDE_Bt2_PRE_BULK,NA,6.01,0.745,NA,NA,NA,NA,NA,NA,NA,NA,NA,NA,NA,NA,NA
UNDE,A',PRE,BULK,UNDE_A'_PRE_BULK,NA,NA,NA,NA,NA,NA,NA,NA,NA,NA,NA,NA,NA,NA,NA,NA
UNDE,BC,PRE,BULK,UNDE_BC_PRE_BULK,NA,5.6,0.923,NA,NA,NA,NA,NA,NA,NA,NA,NA,NA,NA,NA,NA
UNDE,C,PRE,BULK,UNDE_C_PRE_BULK,NA,5.96,0.908,NA,NA,NA,NA,NA,NA,NA,NA,NA,NA,NA,NA,NA
ORNL,A,PRE,BULK,ORNL_A_PRE_BULK,A-Horizon,4.67,6.256,0.46166590399999996,12.68,161.72,97.97,36.63,42.2,162.92,3.5,0,57.03,42.97,7.55881221,NA
ORNL,Bt1,PRE,BULK,ORNL_Bt1_PRE_BULK,Upper B-Horizon,4.59,2.52,0.049527576000000004,0,107.49,44.7,38.84,33.26,229.93,1.45,1.25,51.97,46.78,8.97981809,NA
ORNL,Bt2,PRE,BULK,ORNL_Bt2_PRE_BULK,Lower B-Horizon,4.71,4.096,0.038747261,0,91.4,47.7,52.97,24.19,362.07,6.01,12.77,37.57,49.66,13.2720034,NA
NIWO,2Cr1,PRE,BULK,NIWO_2Cr1_PRE_BULK,NA,5.6,2.619,NA,NA,NA,NA,NA,NA,NA,NA,NA,NA,NA,NA,NA
NIWO,2Cr2,PRE,BULK,NIWO_2Cr2_PRE_BULK,NA,5.44,2.671,NA,NA,NA,NA,NA,NA,NA,NA,NA,NA,NA,NA,NA
NIWO,2C,PRE,BULK,NIWO_2C_PRE_BULK,NA,5.68,1.732,NA,NA,NA,NA,NA,NA,NA,NA,NA,NA,NA,NA,NA
NIWO,AB,PRE,BULK,NIWO_AB_PRE_BULK,NA,5.08,4.522,NA,NA,NA,NA,NA,NA,NA,NA,NA,NA,NA,NA,NA
OSBS,A,PRE,BULK,OSBS_A_PRE_BULK,A-Horizon,5.03,1.24,0.264820231,NA,46.97,31.66,8.5,12.33,19.47,2.38,93.14,4.64,2.22,0.0279245,NA
JORN,B/A,PRE,BULK,JORN_B/A_PRE_BULK,NA,NA,NA,NA,NA,NA,NA,NA,NA,NA,NA,NA,NA,NA,NA,NA
OSBS,Bw1,PRE,BULK,OSBS_Bw1_PRE_BULK,Upper B-Horizon,4.77,0.647,0.104637457,1.31,28.72,10.95,6,11.44,14.12,1.25,93.23,4.02,2.75,1.05006522,NA
OSBS,Bw3,PRE,BULK,OSBS_Bw3_PRE_BULK,Lower B-Horizon,5.34,0.432,0.022033436000000003,0.81,27.2,18.47,5.24,11.22,8.95,1.58,91.66,4.28,4.06,2.71975985,NA
JORN,2Bk2,PRE,BULK,JORN_2Bk2_PRE_BULK,NA,8.1,3.419,NA,NA,NA,NA,NA,NA,NA,NA,NA,NA,NA,NA,NA
JORN,2Bk3,PRE,BULK,JORN_2Bk3_PRE_BULK,NA,8.81,2.984,NA,NA,NA,NA,NA,NA,NA,NA,NA,NA,NA,NA,NA
JORN,2Bkm,PRE,BULK,JORN_2Bkm_PRE_BULK,NA,NA,NA,NA,NA,NA,NA,NA,NA,NA,NA,NA,NA,NA,NA,NA
CLBJ,A2,PRE,BULK,CLBJ_A2_PRE_BULK,NA,5.7,0.707,NA,NA,NA,NA,NA,NA,NA,NA,NA,NA,NA,NA,NA
CLBJ,EA,PRE,BULK,CLBJ_EA_PRE_BULK,NA,5.86,1.32,NA,NA,NA,NA,NA,NA,NA,NA,NA,NA,NA,NA,NA
CLBJ,E,PRE,BULK,CLBJ_E_PRE_BULK,NA,5.39,1.145,NA,NA,NA,NA,NA,NA,NA,NA,NA,NA,NA,NA,NA
CLBJ,A',PRE,BULK,CLBJ_A'_PRE_BULK,NA,NA,NA,NA,NA,NA,NA,NA,NA,NA,NA,NA,NA,NA,NA,NA
CLBJ,E',PRE,BULK,CLBJ_E'_PRE_BULK,NA,5.41,1.112,NA,NA,NA,NA,NA,NA,NA,NA,NA,NA,NA,NA,NA
CLBJ,EB,PRE,BULK,CLBJ_EB_PRE_BULK,NA,5.35,1.36,NA,NA,NA,NA,NA,NA,NA,NA,NA,NA,NA,NA,NA
CLBJ,Bt2,PRE,BULK,CLBJ_Bt2_PRE_BULK,NA,5.55,1.925,NA,NA,NA,NA,NA,NA,NA,NA,NA,NA,NA,NA,NA
CLBJ,Bt3,PRE,BULK,CLBJ_Bt3_PRE_BULK,NA,5.78,1.213,NA,NA,NA,NA,NA,NA,NA,NA,NA,NA,NA,NA,NA
ONAQ,Bk3,PRE,BULK,ONAQ_Bk3_PRE_BULK,NA,9.42,2.647,NA,NA,NA,NA,NA,NA,NA,NA,NA,NA,NA,NA,NA
ONAQ,2CBk,PRE,BULK,ONAQ_2CBk_PRE_BULK,NA,8.64,2.8,NA,NA,NA,NA,NA,NA,NA,NA,NA,NA,NA,NA,NA
SERC,A,PRE,BULK,SERC_A_PRE_BULK,A-Horizon,5.02,6.537,0.547133044,NA,471.5,128.47,88.08,42.33,129.12,1.38,0.11,54.43,45.46,10.6380453,NA
SERC,Bt1,PRE,BULK,SERC_Bt1_PRE_BULK,Upper B-Horizon,4.9,2.391,0.03246386,3.33,179.88,133.34,128.08,38.32,648.19,1.37,41.91,40.16,17.93,5.61359115,NA
KONA,Bt2,PRE,BULK,KONA_Bt2_PRE_BULK,NA,6.15,4.296,NA,NA,NA,NA,NA,NA,NA,NA,NA,NA,NA,NA,NA
KONA,Bt3,PRE,BULK,KONA_Bt3_PRE_BULK,NA,6.36,3.899,NA,NA,NA,NA,NA,NA,NA,NA,NA,NA,NA,NA,NA
SERC,Btg3,PRE,BULK,SERC_Btg3_PRE_BULK,Lower B-Horizon,4.22,3.153,0.010490272,15.05,618.98,318.1,491.7,31.02,1417.9,6.1,48.09,37.01,14.9,4.32302048,NA
KONA,2Btk,PRE,BULK,KONA_2Btk_PRE_BULK,NA,8.4,3.363,NA,NA,NA,NA,NA,NA,NA,NA,NA,NA,NA,NA,NA
SRER,Ak2,PRE,BULK,SRER_Ak2_PRE_BULK,NA,8.73,2.235,NA,NA,NA,NA,NA,NA,NA,NA,NA,NA,NA,NA,NA
SRER,Bk,PRE,BULK,SRER_Bk_PRE_BULK,NA,9.15,2.448,NA,NA,NA,NA,NA,NA,NA,NA,NA,NA,NA,NA,NA
LENO,A1,PRE,BULK,LENO_A1_PRE_BULK,NA,5.28,10.323,NA,NA,NA,NA,NA,NA,NA,NA,NA,NA,NA,NA,NA
LENO,Btg1,PRE,BULK,LENO_Btg1_PRE_BULK,NA,5.2,4.47,NA,NA,NA,NA,NA,NA,NA,NA,NA,NA,NA,NA,NA
LENO,Btg2,PRE,BULK,LENO_Btg2_PRE_BULK,NA,4.72,3.921,NA,NA,NA,NA,NA,NA,NA,NA,NA,NA,NA,NA,NA
MOAB,Bk2,PRE,BULK,MOAB_Bk2_PRE_BULK,NA,8.74,1.94,NA,NA,NA,NA,NA,NA,NA,NA,NA,NA,NA,NA,NA
SOAP,Oi,PRE,BULK,SOAP_Oi_PRE_BULK,NA,NA,NA,NA,NA,NA,NA,NA,NA,NA,NA,NA,NA,NA,NA,NA
SOAP,AB,PRE,BULK,SOAP_AB_PRE_BULK,NA,5.5,7.283,NA,NA,NA,NA,NA,NA,NA,NA,NA,NA,NA,NA,NA
SOAP,Bt2,PRE,BULK,SOAP_Bt2_PRE_BULK,NA,5.45,8.418,NA,NA,NA,NA,NA,NA,NA,NA,NA,NA,NA,NA,NA
SOAP,Bt4,PRE,BULK,SOAP_Bt4_PRE_BULK,NA,5.47,7.731,NA,NA,NA,NA,NA,NA,NA,NA,NA,NA,NA,NA,NA
ABBY,Oe,PRE,BULK,ABBY_Oe_PRE_BULK,NA,NA,NA,NA,NA,NA,NA,NA,NA,NA,NA,NA,NA,NA,NA,NA
ABBY,AB,PRE,BULK,ABBY_AB_PRE_BULK,NA,5.2,14.15,NA,NA,NA,NA,NA,NA,NA,NA,NA,NA,NA,NA,NA
ABBY,Bt2,PRE,BULK,ABBY_Bt2_PRE_BULK,NA,4.73,10.794,NA,NA,NA,NA,NA,NA,NA,NA,NA,NA,NA,NA,NA
ABBY,Bt3,PRE,BULK,ABBY_Bt3_PRE_BULK,NA,NA,NA,NA,NA,NA,NA,NA,NA,NA,NA,NA,NA,NA,NA,NA
TALL,A1,PRE,BULK,TALL_A1_PRE_BULK,A-Horizon,4.6,4.539,0.625503067,NA,150.53,33.62,22.03,19.8,73.51,5.91,53.32,35.34,11.34,4.46509601,NA
ABBY,Cr,PRE,BULK,ABBY_Cr_PRE_BULK,NA,4.61,10.363,NA,NA,NA,NA,NA,NA,NA,NA,NA,NA,NA,NA,NA
SJER,Oi,PRE,BULK,SJER_Oi_PRE_BULK,NA,NA,NA,NA,NA,NA,NA,NA,NA,NA,NA,NA,NA,NA,NA,NA
TALL,Bt1,PRE,BULK,TALL_Bt1_PRE_BULK,Upper B-Horizon,4.71,2.261,0.022666842,0.9,45.71,18.72,12.9,14.78,142.07,1.94,70.15,20.51,9.34,4.83839242,NA
SJER,AB,PRE,BULK,SJER_AB_PRE_BULK,NA,5.79,1.785,NA,NA,NA,NA,NA,NA,NA,NA,NA,NA,NA,NA,NA
TALL,Bt3,PRE,BULK,TALL_Bt3_PRE_BULK,Lower B-Horizon,4.84,2.051,0.023506824,0,41.17,12.88,24.19,15.61,157.75,2.56,49.91,35.87,14.22,5.22215932,NA
SJER,Bw2,PRE,BULK,SJER_Bw2_PRE_BULK,NA,6.07,1.901,NA,NA,NA,NA,NA,NA,NA,NA,NA,NA,NA,NA,NA
SJER,Cr,PRE,BULK,SJER_Cr_PRE_BULK,NA,5.91,1.705,NA,NA,NA,NA,NA,NA,NA,NA,NA,NA,NA,NA,NA
OAES,A,PRE,BULK,OAES_A_PRE_BULK,NA,6.82,5.036,NA,NA,NA,NA,NA,NA,NA,NA,NA,NA,NA,NA,NA
WREF,Oe,PRE,BULK,WREF_Oe_PRE_BULK,NA,NA,NA,NA,NA,NA,NA,NA,NA,NA,NA,NA,NA,NA,NA,NA
WREF,A2,PRE,BULK,WREF_A2_PRE_BULK,NA,5.37,6.902,NA,NA,NA,NA,NA,NA,NA,NA,NA,NA,NA,NA,NA
WREF,BA,PRE,BULK,WREF_BA_PRE_BULK,NA,5.62,6.905,NA,NA,NA,NA,NA,NA,NA,NA,NA,NA,NA,NA,NA
STEI,A2,PRE,BULK,STEI_A2_PRE_BULK,NA,4.54,5.299,NA,NA,NA,NA,NA,NA,NA,NA,NA,NA,NA,NA,NA
STEI,E,PRE,BULK,STEI_E_PRE_BULK,NA,4.21,2.983,NA,NA,NA,NA,NA,NA,NA,NA,NA,NA,NA,NA,NA
STEI,E/B,PRE,BULK,STEI_E/B_PRE_BULK,NA,4.74,2.512,NA,NA,NA,NA,NA,NA,NA,NA,NA,NA,NA,NA,NA
STEI,Bs2,PRE,BULK,STEI_Bs2_PRE_BULK,NA,4.88,2.297,NA,NA,NA,NA,NA,NA,NA,NA,NA,NA,NA,NA,NA
STEI,BC1,PRE,BULK,STEI_BC1_PRE_BULK,NA,5.34,0.902,NA,NA,NA,NA,NA,NA,NA,NA,NA,NA,NA,NA,NA
TREE,A2,PRE,BULK,TREE_A2_PRE_BULK,NA,5.29,4.767,NA,NA,NA,NA,NA,NA,NA,NA,NA,NA,NA,NA,NA
TREE,Bs1,PRE,BULK,TREE_Bs1_PRE_BULK,NA,5.14,1.183,NA,NA,NA,NA,NA,NA,NA,NA,NA,NA,NA,NA,NA
TREE,Bs3,PRE,BULK,TREE_Bs3_PRE_BULK,NA,5.58,1.443,NA,NA,NA,NA,NA,NA,NA,NA,NA,NA,NA,NA,NA
TREE,Bs4,PRE,BULK,TREE_Bs4_PRE_BULK,NA,5.71,0.841,NA,NA,NA,NA,NA,NA,NA,NA,NA,NA,NA,NA,NA
TREE,Bs5,PRE,BULK,TREE_Bs5_PRE_BULK,NA,5.63,1.081,NA,NA,NA,NA,NA,NA,NA,NA,NA,NA,NA,NA,NA
TREE,BC2,PRE,BULK,TREE_BC2_PRE_BULK,NA,5.73,0.65,NA,NA,NA,NA,NA,NA,NA,NA,NA,NA,NA,NA,NA
TREE,BC3,PRE,BULK,TREE_BC3_PRE_BULK,NA,5.74,0.67,NA,NA,NA,NA,NA,NA,NA,NA,NA,NA,NA,NA,NA
DELA,A,PRE,BULK,DELA_A_PRE_BULK,A-Horizon,5.55,NA,NA,0,1810.44,82.07,360.69,169.46,11.84,0.8,3.49,64.77,31.74,8.02951032,NA
DELA,A/B,PRE,BULK,DELA_A/B_PRE_BULK,NA,4.87,NA,NA,NA,NA,NA,NA,NA,NA,NA,NA,NA,NA,NA,NA
DELA,Btg1,PRE,BULK,DELA_Btg1_PRE_BULK,Upper B-Horizon,4.64,NA,NA,0,351.23,42.17,109.66,94.48,465.63,0.97,10.52,63.3,26.18,6.49096628,NA
DELA,Btg2,PRE,BULK,DELA_Btg2_PRE_BULK,NA,5.12,NA,NA,NA,NA,NA,NA,NA,NA,NA,NA,NA,NA,NA,NA
DELA,Btg3,PRE,BULK,DELA_Btg3_PRE_BULK,Lower B-Horizon,4.99,NA,NA,0,274.78,99.31,316.35,453.69,522.52,1.07,5.84,64.34,29.82,7.19767485,NA
DEJU,Oe,PRE,BULK,DEJU_Oe_PRE_BULK,NA,4.35,NA,NA,NA,NA,NA,NA,NA,NA,NA,NA,NA,NA,NA,NA
DEJU,A,PRE,BULK,DEJU_A_PRE_BULK,A-Horizon,4.27,NA,NA,22.65,1682.55,256.08,439.31,121.37,298.65,92.92,33.54,59.54,6.92,2.94963063,NA
DEJU,Bw1,PRE,BULK,DEJU_Bw1_PRE_BULK,Upper B-Horizon,5.14,NA,NA,4.53,292.82,54.76,99.51,92.14,102.87,5.25,28.24,61.53,10.23,2.95846735,NA
DEJU,Bw2,PRE,BULK,DEJU_Bw2_PRE_BULK,NA,5.4,NA,NA,NA,NA,NA,NA,NA,NA,NA,NA,NA,NA,NA,NA
DEJU,2BC1,PRE,BULK,DEJU_2BC1_PRE_BULK,Lower B-Horizon,5.73,NA,NA,0,420.1,45.9,112.2,127.7,25.5,2.6,36.74,53.66,9.6,4.30210387,NA
BARR,Oaf,PRE,BULK,BARR_Oaf_PRE_BULK,A-horizon,4.89,NA,NA,0,2531.68,80.1,770.1,264.26,22.41,360,NA,NA,NA,NA,NA
BARR,OACfjj,PRE,BULK,BARR_OACfjj_PRE_BULK,Upper B-Horizon,5.55,NA,NA,0,2050.54,96,641.17,160.29,3.98,22.79,NA,NA,NA,NA,NA
BARR,Af,PRE,BULK,BARR_Af_PRE_BULK,Lower B-Horizon,5.43,NA,NA,0,2300.49,133,725.12,252.22,7.88,105.32,25.52,52.7,21.78,5.31445989,NA
BONA,Oea,PRE,BULK,BONA_Oea_PRE_BULK,A-Horizon,4.01,NA,4.594872187,33.99,1179.41,207.29,283.05,98.62,442.74,214.92,NA,NA,NA,NA,NA
BONA,O/BCgjj,PRE,BULK,BONA_O/BCgjj_PRE_BULK,NA,4.92,NA,NA,NA,NA,NA,NA,NA,NA,NA,NA,NA,NA,NA,NA
BONA,Bfgjj,PRE,BULK,BONA_Bfgjj_PRE_BULK,Upper B-Horizon,4.91,NA,1.534707831,3.33,620.29,31.67,120.69,134.9,180.4,46.34,18.47,72.44,9.09,3.98130286,NA
BONA,Cfgjj,PRE,BULK,BONA_Cfgjj_PRE_BULK,Lower B-Horizon,5.6,NA,NA,0,942.16,46.27,244.02,126.67,27.82,69.7,11.9,76.96,11.14,4.31330153,NA
HEAL,Oei,PRE,BULK,HEAL_Oei_PRE_BULK,NA,3.76,NA,NA,NA,NA,NA,NA,NA,NA,NA,NA,NA,NA,NA,NA
HEAL,Oae,PRE,BULK,HEAL_Oae_PRE_BULK,A-Horizon,3.87,NA,NA,132.29,893.76,238.73,376.98,95.12,823.71,994.71,NA,NA,NA,NA,NA
HEAL,Afjj,PRE,BULK,HEAL_Afjj_PRE_BULK,Upper B-Horizon,5.13,NA,NA,4.54,1008.12,88.5,323.38,133.14,112.1,218,15.47,70.06,14.47,3.49453958,NA
HEAL,BCfgjj,PRE,BULK,HEAL_BCfgjj_PRE_BULK,Lower B-Horizon,4.92,NA,NA,0,836.85,76.55,287.39,137.64,67.86,242.99,19.47,68.6,11.93,2.69397077,NA
HEAL,OACfjj,PRE,BULK,HEAL_OACfjj_PRE_BULK,NA,4.46,NA,NA,NA,NA,NA,NA,NA,NA,NA,NA,NA,NA,NA,NA
TOOL,Oi,PRE,BULK,TOOL_Oi_PRE_BULK,NA,4.11,NA,NA,NA,NA,NA,NA,NA,NA,NA,NA,NA,NA,NA,NA
TOOL,Oaef,PRE,BULK,TOOL_Oaef_PRE_BULK,A-Horizon,4.37,NA,NA,30.5,834.06,696.24,230.3,135.15,339.02,579.41,NA,NA,NA,NA,NA
TOOL,Af,PRE,BULK,TOOL_Af_PRE_BULK,Upper B-Horizon,4.51,NA,NA,1.09,276.29,38.63,60.98,116.49,159.32,235.34,23.07,56.8,20.13,4.63513064,NA
TOOL,BCfjj,PRE,BULK,TOOL_BCfjj_PRE_BULK,Lower B-Horizon,4.63,NA,NA,4.98,326.57,33.53,80.29,126.76,268.29,605.07,20.5,60.86,18.64,4.09480022,NA
BART,Bs,PRE,BULK,BART_Bs_PRE_BULK,NA,5.21,4.255,NA,NA,NA,NA,NA,NA,NA,NA,NA,NA,NA,NA,NA
