site_id,horizon,incubation_treatment,temp_treatment_degC_above_MST,moisture_treatment_kPa,MST_degC,incubation_temp_degC,fraction,horizon_type,sample_name,oven_dry_mass_g,t13_cumul_resp_ugC_per_gsoil,t13_cumul_spec_resp_ugC_per_gC,t26_cumul_resp_ugC_per_gsoil,t26_cumul_spec_resp_ugC_per_gC,t52_cumul_resp_ugC_per_gsoil,t52_cumul_spec_resp_ugC_per_gC,notes
ABBY,A,0MST400,0,-400,17.2,17.5,BULK,A-Horizon,ABBY_A_0MST400_0_-400_17.2_17.5_BULK_A-Horizon,19.03,1225,17006,1658,23011,2205,30608,NA
ABBY,A,0MST150,0,-150,17.2,17.5,BULK,A-Horizon,ABBY_A_0MST150_0_-150_17.2_17.5_BULK_A-Horizon,18.98,1366,18962,1781,24723,2359,32744,NA
ABBY,A,0MST33,0,-33,17.2,17.5,BULK,A-Horizon,ABBY_A_0MST33_0_-33_17.2_17.5_BULK_A-Horizon,19.04,1406,19518,1778,24680,2356,32697,NA
ABBY,A,5MST400,5,-400,17.2,17.5,BULK,A-Horizon,ABBY_A_5MST400_5_-400_17.2_17.5_BULK_A-Horizon,18.96,1573,21828,2140,29705,3090,42895,NA
ABBY,A,5MST150,5,-150,17.2,17.5,BULK,A-Horizon,ABBY_A_5MST150_5_-150_17.2_17.5_BULK_A-Horizon,19,1694,23515,2279,31630,3081,42765,NA
ABBY,A,5MST33,5,-33,17.2,17.5,BULK,A-Horizon,ABBY_A_5MST33_5_-33_17.2_17.5_BULK_A-Horizon,19.02,1759,24416,2347,32581,3212,44590,NA
ABBY,Bt1,0MST400,0,-400,17.2,17.5,BULK,Upper B-Horizon,ABBY_Bt1_0MST400_0_-400_17.2_17.5_BULK_Upper B-Horizon,19.26,104,8441,146,11819,222,17920,NA
ABBY,Bt1,0MST150,0,-150,17.2,17.5,BULK,Upper B-Horizon,ABBY_Bt1_0MST150_0_-150_17.2_17.5_BULK_Upper B-Horizon,19.28,110,8854,156,12643,246,19880,NA
ABBY,Bt1,0MST33,0,-33,17.2,17.5,BULK,Upper B-Horizon,ABBY_Bt1_0MST33_0_-33_17.2_17.5_BULK_Upper B-Horizon,19.33,118,9503,171,13796,271,21863,NA
ABBY,Bt1,5MST400,5,-400,17.2,17.5,BULK,Upper B-Horizon,ABBY_Bt1_5MST400_5_-400_17.2_17.5_BULK_Upper B-Horizon,19.26,139,11270,210,16928,349,28189,NA
ABBY,Bt1,5MST150,5,-150,17.2,17.5,BULK,Upper B-Horizon,ABBY_Bt1_5MST150_5_-150_17.2_17.5_BULK_Upper B-Horizon,19.32,157,12698,237,19116,370,29878,NA
ABBY,Bt1,5MST33,5,-33,17.2,17.5,BULK,Upper B-Horizon,ABBY_Bt1_5MST33_5_-33_17.2_17.5_BULK_Upper B-Horizon,19.28,153,12388,227,18362,362,29233,NA
BLAN,Ap1,0MST400,0,-400,23,22.5,BULK,A-Horizon,BLAN_Ap1_0MST400_0_-400_23_22.5_BULK_A-Horizon,19.76,964,65073,1273,85947,1810,122208,NA
BLAN,Ap1,0MST150,0,-150,23,22.5,BULK,A-Horizon,BLAN_Ap1_0MST150_0_-150_23_22.5_BULK_A-Horizon,19.77,946,63845,1225,82684,1776,119908,NA
BLAN,Ap1,0MST33,0,-33,23,22.5,BULK,A-Horizon,BLAN_Ap1_0MST33_0_-33_23_22.5_BULK_A-Horizon,19.77,1112,75112,1502,101400,2238,151075,NA
BLAN,Ap1,5MST400,5,-400,23,22.5,BULK,A-Horizon,BLAN_Ap1_5MST400_5_-400_23_22.5_BULK_A-Horizon,19.78,1205,81373,1694,114379,2583,174382,NA
BLAN,Ap1,5MST150,5,-150,23,22.5,BULK,A-Horizon,BLAN_Ap1_5MST150_5_-150_23_22.5_BULK_A-Horizon,19.76,1210,81670,1770,119493,2766,186779,NA
BLAN,Ap1,5MST33,5,-33,23,22.5,BULK,A-Horizon,BLAN_Ap1_5MST33_5_-33_23_22.5_BULK_A-Horizon,19.76,1265,85404,1815,122541,2746,185413,NA
BLAN,Bt1,0MST400,0,-400,23,22.5,BULK,Upper B-Horizon,BLAN_Bt1_0MST400_0_-400_23_22.5_BULK_Upper B-Horizon,19.47,67,30781,75,34684,131,60261,NA
BLAN,Bt1,0MST150,0,-150,23,22.5,BULK,Upper B-Horizon,BLAN_Bt1_0MST150_0_-150_23_22.5_BULK_Upper B-Horizon,19.48,93,42803,105,48294,157,72424,NA
BLAN,Bt1,0MST33,0,-33,23,22.5,BULK,Upper B-Horizon,BLAN_Bt1_0MST33_0_-33_23_22.5_BULK_Upper B-Horizon,19.47,91,41896,131,60363,207,95119,NA
BLAN,Bt1,5MST400,5,-400,23,22.5,BULK,Upper B-Horizon,BLAN_Bt1_5MST400_5_-400_23_22.5_BULK_Upper B-Horizon,19.43,78,35690,102,46941,180,83043,NA
BLAN,Bt1,5MST150,5,-150,23,22.5,BULK,Upper B-Horizon,BLAN_Bt1_5MST150_5_-150_23_22.5_BULK_Upper B-Horizon,19.47,82,37974,95,43509,170,78204,NA
BLAN,Bt1,5MST33,5,-33,23,22.5,BULK,Upper B-Horizon,BLAN_Bt1_5MST33_5_-33_23_22.5_BULK_Upper B-Horizon,19.47,104,48040,123,56715,183,84347,NA
CLBJ,A1,0MST400,0,-400,27.5,27.5,BULK,A-Horizon,CLBJ_A1_0MST400_0_-400_27.5_27.5_BULK_A-Horizon,19.84,958,65045,1456,98896,2108,143167,NA
CLBJ,A1,0MST150,0,-150,27.5,27.5,BULK,A-Horizon,CLBJ_A1_0MST150_0_-150_27.5_27.5_BULK_A-Horizon,19.87,1041,70667,1563,106169,2361,160374,NA
CLBJ,A1,0MST33,0,-33,27.5,27.5,BULK,A-Horizon,CLBJ_A1_0MST33_0_-33_27.5_27.5_BULK_A-Horizon,19.84,1080,73335,1675,113781,2510,170440,NA
CLBJ,A1,5MST400,5,-400,27.5,27.5,BULK,A-Horizon,CLBJ_A1_5MST400_5_-400_27.5_27.5_BULK_A-Horizon,19.89,1376,93470,1998,135677,2786,189233,NA
CLBJ,A1,5MST150,5,-150,27.5,27.5,BULK,A-Horizon,CLBJ_A1_5MST150_5_-150_27.5_27.5_BULK_A-Horizon,19.84,1411,95808,2027,137632,2686,182431,NA
CLBJ,A1,5MST33,5,-33,27.5,27.5,BULK,A-Horizon,CLBJ_A1_5MST33_5_-33_27.5_27.5_BULK_A-Horizon,19.88,1535,104277,2207,149860,3242,220151,NA
CLBJ,Bt1,0MST400,0,-400,27.5,27.5,BULK,Upper B-Horizon,CLBJ_Bt1_0MST400_0_-400_27.5_27.5_BULK_Upper B-Horizon,19.75,61,22319,111,40962,175,64359,NA
CLBJ,Bt1,0MST150,0,-150,27.5,27.5,BULK,Upper B-Horizon,CLBJ_Bt1_0MST150_0_-150_27.5_27.5_BULK_Upper B-Horizon,19.75,65,23888,114,42145,172,63202,NA
CLBJ,Bt1,0MST33,0,-33,27.5,27.5,BULK,Upper B-Horizon,CLBJ_Bt1_0MST33_0_-33_27.5_27.5_BULK_Upper B-Horizon,19.75,61,22459,115,42264,173,63754,NA
CLBJ,Bt1,5MST400,5,-400,27.5,27.5,BULK,Upper B-Horizon,CLBJ_Bt1_5MST400_5_-400_27.5_27.5_BULK_Upper B-Horizon,19.71,63,23151,132,48613,169,62366,NA
CLBJ,Bt1,5MST150,5,-150,27.5,27.5,BULK,Upper B-Horizon,CLBJ_Bt1_5MST150_5_-150_27.5_27.5_BULK_Upper B-Horizon,19.7,83,30379,170,62759,288,106072,NA
CLBJ,Bt1,5MST33,5,-33,27.5,27.5,BULK,Upper B-Horizon,CLBJ_Bt1_5MST33_5_-33_27.5_27.5_BULK_Upper B-Horizon,19.76,90,33079,172,63237,247,90979,NA
CPER,A1,0MST400,0,-400,20,20,BULK,A-Horizon,CPER_A1_0MST400_0_-400_20_20_BULK_A-Horizon,19.4,434,44754,610,62937,959,98983,NA
CPER,A1,0MST150,0,-150,20,20,BULK,A-Horizon,CPER_A1_0MST150_0_-150_20_20_BULK_A-Horizon,19.41,431,44486,590,60882,931,96008,NA
CPER,A1,0MST33,0,-33,20,20,BULK,A-Horizon,CPER_A1_0MST33_0_-33_20_20_BULK_A-Horizon,19.43,503,51877,716,73892,1138,117418,NA
CPER,A1,5MST400,5,-400,20,20,BULK,A-Horizon,CPER_A1_5MST400_5_-400_20_20_BULK_A-Horizon,19.41,615,63465,942,97137,1654,170601,NA
CPER,A1,5MST150,5,-150,20,20,BULK,A-Horizon,CPER_A1_5MST150_5_-150_20_20_BULK_A-Horizon,19.37,587,60530,896,92474,1627,167861,NA
CPER,A1,5MST33,5,-33,20,20,BULK,A-Horizon,CPER_A1_5MST33_5_-33_20_20_BULK_A-Horizon,19.42,619,63844,853,88012,1419,146397,NA
CPER,Bw1,0MST400,0,-400,20,20,BULK,Upper B-Horizon,CPER_Bw1_0MST400_0_-400_20_20_BULK_Upper B-Horizon,19.18,148,64623,277,121045,443,193876,NA
CPER,Bw1,0MST150,0,-150,20,20,BULK,Upper B-Horizon,CPER_Bw1_0MST150_0_-150_20_20_BULK_Upper B-Horizon,19.2,129,56339,205,89637,489,214072,NA
CPER,Bw1,0MST33,0,-33,20,20,BULK,Upper B-Horizon,CPER_Bw1_0MST33_0_-33_20_20_BULK_Upper B-Horizon,19.17,163,71278,301,131549,527,230323,NA
CPER,Bw1,5MST400,5,-400,20,20,BULK,Upper B-Horizon,CPER_Bw1_5MST400_5_-400_20_20_BULK_Upper B-Horizon,19.17,183,80192,319,139392,580,253592,NA
CPER,Bw1,5MST150,5,-150,20,20,BULK,Upper B-Horizon,CPER_Bw1_5MST150_5_-150_20_20_BULK_Upper B-Horizon,19.18,197,86285,308,134736,541,236780,NA
CPER,Bw1,5MST33,5,-33,20,20,BULK,Upper B-Horizon,CPER_Bw1_5MST33_5_-33_20_20_BULK_Upper B-Horizon,19.22,186,81478,315,137891,594,260056,NA
DCFS,A1,0MST400,0,-400,19.4,20,BULK,A-Horizon,DCFS_A1_0MST400_0_-400_19.4_20_BULK_A-Horizon,19.37,1474,29958,1986,40351,2785,56595,NA
DCFS,A1,0MST150,0,-150,19.4,20,BULK,A-Horizon,DCFS_A1_0MST150_0_-150_19.4_20_BULK_A-Horizon,19.36,1678,34097,2228,45276,2855,58016,NA
DCFS,A1,0MST33,0,-33,19.4,20,BULK,A-Horizon,DCFS_A1_0MST33_0_-33_19.4_20_BULK_A-Horizon,19.33,1991,40468,2598,52795,3441,69927,NA
DCFS,A1,5MST400,5,-400,19.4,20,BULK,A-Horizon,DCFS_A1_5MST400_5_-400_19.4_20_BULK_A-Horizon,19.38,1987,40373,2708,55026,3783,76863,NA
DCFS,A1,5MST150,5,-150,19.4,20,BULK,A-Horizon,DCFS_A1_5MST150_5_-150_19.4_20_BULK_A-Horizon,19.37,2274,46218,3061,62210,4185,85033,NA
DCFS,A1,5MST33,5,-33,19.4,20,BULK,A-Horizon,DCFS_A1_5MST33_5_-33_19.4_20_BULK_A-Horizon,19.38,2371,48180,3168,64374,4198,85306,NA
DCFS,Bw1,0MST400,0,-400,19.4,20,BULK,Upper B-Horizon,DCFS_Bw1_0MST400_0_-400_19.4_20_BULK_Upper B-Horizon,19.52,296,29466,396,39468,564,56197,NA
DCFS,Bw1,0MST150,0,-150,19.4,20,BULK,Upper B-Horizon,DCFS_Bw1_0MST150_0_-150_19.4_20_BULK_Upper B-Horizon,19.5,313,31137,403,40108,626,62399,NA
DCFS,Bw1,0MST33,0,-33,19.4,20,BULK,Upper B-Horizon,DCFS_Bw1_0MST33_0_-33_19.4_20_BULK_Upper B-Horizon,19.46,352,35023,458,45679,715,71246,NA
DCFS,Bw1,5MST400,5,-400,19.4,20,BULK,Upper B-Horizon,DCFS_Bw1_5MST400_5_-400_19.4_20_BULK_Upper B-Horizon,19.51,334,33301,439,43780,712,70903,NA
DCFS,Bw1,5MST150,5,-150,19.4,20,BULK,Upper B-Horizon,DCFS_Bw1_5MST150_5_-150_19.4_20_BULK_Upper B-Horizon,19.5,371,36946,503,50081,817,81441,NA
DCFS,Bw1,5MST33,5,-33,19.4,20,BULK,Upper B-Horizon,DCFS_Bw1_5MST33_5_-33_19.4_20_BULK_Upper B-Horizon,19.52,368,36667,527,52532,841,83807,NA
DSNY,A,0MST400,0,-400,27.7,27.5,BULK,A-Horizon,DSNY_A_0MST400_0_-400_27.7_27.5_BULK_A-Horizon,19.67,389,21326,526,28829,804,44071,NA
DSNY,A,0MST150,0,-150,27.7,27.5,BULK,A-Horizon,DSNY_A_0MST150_0_-150_27.7_27.5_BULK_A-Horizon,19.69,365,19983,432,23697,682,37373,NA
DSNY,A,0MST33,0,-33,27.7,27.5,BULK,A-Horizon,DSNY_A_0MST33_0_-33_27.7_27.5_BULK_A-Horizon,19.64,586,32105,828,45353,3034,166234,NA
DSNY,A,5MST400,5,-400,27.7,27.5,BULK,A-Horizon,DSNY_A_5MST400_5_-400_27.7_27.5_BULK_A-Horizon,19.7,519,28419,725,39706,1538,84267,NA
DSNY,A,5MST150,5,-150,27.7,27.5,BULK,A-Horizon,DSNY_A_5MST150_5_-150_27.7_27.5_BULK_A-Horizon,19.68,722,39540,1014,55570,1808,99071,NA
DSNY,A,5MST33,5,-33,27.7,27.5,BULK,A-Horizon,DSNY_A_5MST33_5_-33_27.7_27.5_BULK_A-Horizon,19.68,761,41713,1574,86255,5382,294926,NA
DSNY,Bh1,0MST400,0,-400,27.7,27.5,BULK,Upper B-Horizon,DSNY_Bh1_0MST400_0_-400_27.7_27.5_BULK_Upper B-Horizon,18.73,151,8746,285,16464,633,36572,NA
DSNY,Bh1,0MST150,0,-150,27.7,27.5,BULK,Upper B-Horizon,DSNY_Bh1_0MST150_0_-150_27.7_27.5_BULK_Upper B-Horizon,18.71,198,11439,531,30703,1339,77382,NA
DSNY,Bh1,0MST33,0,-33,27.7,27.5,BULK,Upper B-Horizon,DSNY_Bh1_0MST33_0_-33_27.7_27.5_BULK_Upper B-Horizon,18.74,218,12601,450,26020,1049,60638,NA
DSNY,Bh1,5MST400,5,-400,27.7,27.5,BULK,Upper B-Horizon,DSNY_Bh1_5MST400_5_-400_27.7_27.5_BULK_Upper B-Horizon,18.75,227,13107,564,32584,1227,70926,NA
DSNY,Bh1,5MST150,5,-150,27.7,27.5,BULK,Upper B-Horizon,DSNY_Bh1_5MST150_5_-150_27.7_27.5_BULK_Upper B-Horizon,18.76,361,20850,921,53194,1843,106495,NA
DSNY,Bh1,5MST33,5,-33,27.7,27.5,BULK,Upper B-Horizon,DSNY_Bh1_5MST33_5_-33_27.7_27.5_BULK_Upper B-Horizon,18.74,282,16298,497,28692,1114,64390,NA
GRSM,A,0MST400,0,-400,21.7,22.5,BULK,A-Horizon,GRSM_A_0MST400_0_-400_21.7_22.5_BULK_A-Horizon,19.46,639,15831,866,21450,1256,31100,NA
GRSM,A,0MST150,0,-150,21.7,22.5,BULK,A-Horizon,GRSM_A_0MST150_0_-150_21.7_22.5_BULK_A-Horizon,19.49,678,16797,920,22792,1343,33253,NA
GRSM,A,0MST33,0,-33,21.7,22.5,BULK,A-Horizon,GRSM_A_0MST33_0_-33_21.7_22.5_BULK_A-Horizon,19.51,734,18177,998,24719,1399,34652,NA
GRSM,A,5MST400,5,-400,21.7,22.5,BULK,A-Horizon,GRSM_A_5MST400_5_-400_21.7_22.5_BULK_A-Horizon,19.49,907,22474,1356,33572,2106,52160,NA
GRSM,A,5MST150,5,-150,21.7,22.5,BULK,A-Horizon,GRSM_A_5MST150_5_-150_21.7_22.5_BULK_A-Horizon,19.51,930,23026,1302,32242,1909,47268,NA
GRSM,A,5MST33,5,-33,21.7,22.5,BULK,A-Horizon,GRSM_A_5MST33_5_-33_21.7_22.5_BULK_A-Horizon,19.5,710,17573,832,20610,1151,28500,NA
GRSM,Bt1,0MST400,0,-400,21.7,22.5,BULK,Upper B-Horizon,GRSM_Bt1_0MST400_0_-400_21.7_22.5_BULK_Upper B-Horizon,19.23,71,9817,121,16816,236,32870,NA
GRSM,Bt1,0MST150,0,-150,21.7,22.5,BULK,Upper B-Horizon,GRSM_Bt1_0MST150_0_-150_21.7_22.5_BULK_Upper B-Horizon,19.25,75,10359,123,17045,257,35756,NA
GRSM,Bt1,0MST33,0,-33,21.7,22.5,BULK,Upper B-Horizon,GRSM_Bt1_0MST33_0_-33_21.7_22.5_BULK_Upper B-Horizon,19.21,75,10472,135,18781,265,36884,NA
GRSM,Bt1,5MST400,5,-400,21.7,22.5,BULK,Upper B-Horizon,GRSM_Bt1_5MST400_5_-400_21.7_22.5_BULK_Upper B-Horizon,19.21,91,12695,149,20672,346,48067,NA
GRSM,Bt1,5MST150,5,-150,21.7,22.5,BULK,Upper B-Horizon,GRSM_Bt1_5MST150_5_-150_21.7_22.5_BULK_Upper B-Horizon,19.28,102,14190,150,20820,335,46509,NA
GRSM,Bt1,5MST33,5,-33,21.7,22.5,BULK,Upper B-Horizon,GRSM_Bt1_5MST33_5_-33_21.7_22.5_BULK_Upper B-Horizon,19.25,97,13509,152,21130,330,45883,NA
JORN,Ak,0MST400,0,-400,25.5,25,BULK,A-Horizon,JORN_Ak_0MST400_0_-400_25.5_25_BULK_A-Horizon,19.89,193,62345,278,89911,388,125375,NA
JORN,Ak,0MST150,0,-150,25.5,25,BULK,A-Horizon,JORN_Ak_0MST150_0_-150_25.5_25_BULK_A-Horizon,19.9,206,66407,288,93106,396,127858,NA
JORN,Ak,0MST33,0,-33,25.5,25,BULK,A-Horizon,JORN_Ak_0MST33_0_-33_25.5_25_BULK_A-Horizon,19.85,226,73149,313,101287,421,135971,NA
JORN,Ak,5MST400,5,-400,25.5,25,BULK,A-Horizon,JORN_Ak_5MST400_5_-400_25.5_25_BULK_A-Horizon,19.92,274,88678,416,134352,569,183727,NA
JORN,Ak,5MST150,5,-150,25.5,25,BULK,A-Horizon,JORN_Ak_5MST150_5_-150_25.5_25_BULK_A-Horizon,19.87,286,92557,415,134258,545,176234,NA
JORN,Ak,5MST33,5,-33,25.5,25,BULK,A-Horizon,JORN_Ak_5MST33_5_-33_25.5_25_BULK_A-Horizon,19.85,291,94135,433,139775,599,193700,NA
JORN,Bk1,0MST400,0,-400,25.5,25,BULK,Upper B-Horizon,JORN_Bk1_0MST400_0_-400_25.5_25_BULK_Upper B-Horizon,19.87,44,18517,72,29948,98,40755,NA
JORN,Bk1,0MST150,0,-150,25.5,25,BULK,Upper B-Horizon,JORN_Bk1_0MST150_0_-150_25.5_25_BULK_Upper B-Horizon,19.89,64,26698,117,48741,180,75068,NA
JORN,Bk1,0MST33,0,-33,25.5,25,BULK,Upper B-Horizon,JORN_Bk1_0MST33_0_-33_25.5_25_BULK_Upper B-Horizon,19.85,75,31220,113,47220,133,55184,NA
JORN,Bk1,5MST400,5,-400,25.5,25,BULK,Upper B-Horizon,JORN_Bk1_5MST400_5_-400_25.5_25_BULK_Upper B-Horizon,19.91,61,25549,105,43793,154,64333,NA
JORN,Bk1,5MST150,5,-150,25.5,25,BULK,Upper B-Horizon,JORN_Bk1_5MST150_5_-150_25.5_25_BULK_Upper B-Horizon,19.9,65,27011,112,46530,147,61243,NA
JORN,Bk1,5MST33,5,-33,25.5,25,BULK,Upper B-Horizon,JORN_Bk1_5MST33_5_-33_25.5_25_BULK_Upper B-Horizon,19.87,84,35019,133,55291,165,68546,NA
KONA,Ap,0MST400,0,-400,25,25,BULK,A-Horizon,KONA_Ap_0MST400_0_-400_25_25_BULK_A-Horizon,19.32,331,20673,453,28339,622,38862,NA
KONA,Ap,0MST150,0,-150,25,25,BULK,A-Horizon,KONA_Ap_0MST150_0_-150_25_25_BULK_A-Horizon,19.29,NA,NA,NA,NA,NA,NA,"Issue with jar not being sealed during sampling period 07; consequently, data for t = 13, 26, and 52 weeks potentially not valid"
KONA,Ap,0MST33,0,-33,25,25,BULK,A-Horizon,KONA_Ap_0MST33_0_-33_25_25_BULK_A-Horizon,19.31,394,24656,542,33862,763,47689,NA
KONA,Ap,5MST400,5,-400,25,25,BULK,A-Horizon,KONA_Ap_5MST400_5_-400_25_25_BULK_A-Horizon,19.29,404,25240,561,35041,792,49491,NA
KONA,Ap,5MST150,5,-150,25,25,BULK,A-Horizon,KONA_Ap_5MST150_5_-150_25_25_BULK_A-Horizon,19.32,427,26663,610,38138,845,52798,NA
KONA,Ap,5MST33,5,-33,25,25,BULK,A-Horizon,KONA_Ap_5MST33_5_-33_25_25_BULK_A-Horizon,19.34,506,31610,713,44583,920,57522,NA
KONA,Bt1,0MST400,0,-400,25,25,BULK,Upper B-Horizon,KONA_Bt1_0MST400_0_-400_25_25_BULK_Upper B-Horizon,19.11,150,15579,187,19414,217,22507,NA
KONA,Bt1,0MST150,0,-150,25,25,BULK,Upper B-Horizon,KONA_Bt1_0MST150_0_-150_25_25_BULK_Upper B-Horizon,19.09,160,16601,201,20913,243,25265,NA
KONA,Bt1,0MST33,0,-33,25,25,BULK,Upper B-Horizon,KONA_Bt1_0MST33_0_-33_25_25_BULK_Upper B-Horizon,19.1,174,18090,222,23119,260,27003,NA
KONA,Bt1,5MST400,5,-400,25,25,BULK,Upper B-Horizon,KONA_Bt1_5MST400_5_-400_25_25_BULK_Upper B-Horizon,19.11,166,17235,221,22979,261,27099,NA
KONA,Bt1,5MST150,5,-150,25,25,BULK,Upper B-Horizon,KONA_Bt1_5MST150_5_-150_25_25_BULK_Upper B-Horizon,19.11,191,19862,243,25244,287,29820,NA
KONA,Bt1,5MST33,5,-33,25,25,BULK,Upper B-Horizon,KONA_Bt1_5MST33_5_-33_25_25_BULK_Upper B-Horizon,19.06,202,20958,259,26885,327,34028,NA
KONZ,A1,0MST400,0,-400,24.4,25,BULK,A-Horizon,KONZ_A1_0MST400_0_-400_24.4_25_BULK_A-Horizon,19.4,734,34547,1006,47338,1337,62919,NA
KONZ,A1,0MST150,0,-150,24.4,25,BULK,A-Horizon,KONZ_A1_0MST150_0_-150_24.4_25_BULK_A-Horizon,19.38,886,41664,1225,57611,1625,76455,NA
KONZ,A1,0MST33,0,-33,24.4,25,BULK,A-Horizon,KONZ_A1_0MST33_0_-33_24.4_25_BULK_A-Horizon,19.44,1016,47788,1377,64800,1800,84669,NA
KONZ,A1,5MST400,5,-400,24.4,25,BULK,A-Horizon,KONZ_A1_5MST400_5_-400_24.4_25_BULK_A-Horizon,19.38,880,41395,1124,52862,1490,70089,NA
KONZ,A1,5MST150,5,-150,24.4,25,BULK,A-Horizon,KONZ_A1_5MST150_5_-150_24.4_25_BULK_A-Horizon,19.39,1080,50821,1441,67774,1930,90772,NA
KONZ,A1,5MST33,5,-33,24.4,25,BULK,A-Horizon,KONZ_A1_5MST33_5_-33_24.4_25_BULK_A-Horizon,19.4,1261,59298,1686,79303,2317,108998,NA
KONZ,Bt1,0MST400,0,-400,24.4,25,BULK,Upper B-Horizon,KONZ_Bt1_0MST400_0_-400_24.4_25_BULK_Upper B-Horizon,18.2,256,61026,340,80956,442,105259,NA
KONZ,Bt1,0MST150,0,-150,24.4,25,BULK,Upper B-Horizon,KONZ_Bt1_0MST150_0_-150_24.4_25_BULK_Upper B-Horizon,18.2,NA,NA,NA,NA,NA,NA,Likely failure of jar lid seal
KONZ,Bt1,0MST33,0,-33,24.4,25,BULK,Upper B-Horizon,KONZ_Bt1_0MST33_0_-33_24.4_25_BULK_Upper B-Horizon,18.21,360,85778,506,120524,683,162616,NA
KONZ,Bt1,5MST400,5,-400,24.4,25,BULK,Upper B-Horizon,KONZ_Bt1_5MST400_5_-400_24.4_25_BULK_Upper B-Horizon,18.19,316,75117,452,107551,652,155216,NA
KONZ,Bt1,5MST150,5,-150,24.4,25,BULK,Upper B-Horizon,KONZ_Bt1_5MST150_5_-150_24.4_25_BULK_Upper B-Horizon,18.2,363,86378,523,124463,736,175230,NA
KONZ,Bt1,5MST33,5,-33,24.4,25,BULK,Upper B-Horizon,KONZ_Bt1_5MST33_5_-33_24.4_25_BULK_Upper B-Horizon,18.16,465,110599,658,156521,900,214261,NA
MLBS,A,0MST400,0,-400,18.4,17.5,BULK,A-Horizon,MLBS_A_0MST400_0_-400_18.4_17.5_BULK_A-Horizon,19.26,1526,14932,2111,20654,2867,28050,NA
MLBS,A,0MST150,0,-150,18.4,17.5,BULK,A-Horizon,MLBS_A_0MST150_0_-150_18.4_17.5_BULK_A-Horizon,19.26,1805,17661,2448,23951,3567,34905,NA
MLBS,A,0MST33,0,-33,18.4,17.5,BULK,A-Horizon,MLBS_A_0MST33_0_-33_18.4_17.5_BULK_A-Horizon,19.28,2254,22052,3099,30320,5479,53616,NA
MLBS,A,5MST400,5,-400,18.4,17.5,BULK,A-Horizon,MLBS_A_5MST400_5_-400_18.4_17.5_BULK_A-Horizon,19.26,2040,19958,2881,28194,4036,39491,NA
MLBS,A,5MST150,5,-150,18.4,17.5,BULK,A-Horizon,MLBS_A_5MST150_5_-150_18.4_17.5_BULK_A-Horizon,19.27,2560,25049,3524,34487,5472,53549,NA
MLBS,A,5MST33,5,-33,18.4,17.5,BULK,A-Horizon,MLBS_A_5MST33_5_-33_18.4_17.5_BULK_A-Horizon,19.22,3531,34557,4903,47976,NA,NA,"Sample disturbed after taking headspace sample MLa61_31; consequently, data for t = 52 weeks potentially not valid"
MLBS,Bw1,0MST400,0,-400,18.4,17.5,BULK,Upper B-Horizon,MLBS_Bw1_0MST400_0_-400_18.4_17.5_BULK_Upper B-Horizon,19.38,116,10490,181,16397,289,26203,NA
MLBS,Bw1,0MST150,0,-150,18.4,17.5,BULK,Upper B-Horizon,MLBS_Bw1_0MST150_0_-150_18.4_17.5_BULK_Upper B-Horizon,19.38,132,12033,206,18726,306,27754,NA
MLBS,Bw1,0MST33,0,-33,18.4,17.5,BULK,Upper B-Horizon,MLBS_Bw1_0MST33_0_-33_18.4_17.5_BULK_Upper B-Horizon,19.35,131,11855,185,16825,248,22479,NA
MLBS,Bw1,5MST400,5,-400,18.4,17.5,BULK,Upper B-Horizon,MLBS_Bw1_5MST400_5_-400_18.4_17.5_BULK_Upper B-Horizon,19.38,149,13536,233,21175,390,35458,NA
MLBS,Bw1,5MST150,5,-150,18.4,17.5,BULK,Upper B-Horizon,MLBS_Bw1_5MST150_5_-150_18.4_17.5_BULK_Upper B-Horizon,19.34,154,13991,248,22557,409,37172,NA
MLBS,Bw1,5MST33,5,-33,18.4,17.5,BULK,Upper B-Horizon,MLBS_Bw1_5MST33_5_-33_18.4_17.5_BULK_Upper B-Horizon,19.37,158,14385,247,22429,380,34473,NA
MOAB,A,0MST400,0,-400,21.9,22.5,BULK,A-Horizon,MOAB_A_0MST400_0_-400_21.9_22.5_BULK_A-Horizon,19.82,195,51389,314,82654,485,127687,NA
MOAB,A,0MST150,0,-150,21.9,22.5,BULK,A-Horizon,MOAB_A_0MST150_0_-150_21.9_22.5_BULK_A-Horizon,19.81,212,55922,341,89714,493,129762,NA
MOAB,A,0MST33,0,-33,21.9,22.5,BULK,A-Horizon,MOAB_A_0MST33_0_-33_21.9_22.5_BULK_A-Horizon,19.82,218,57445,358,94131,489,128775,NA
MOAB,A,5MST400,5,-400,21.9,22.5,BULK,A-Horizon,MOAB_A_5MST400_5_-400_21.9_22.5_BULK_A-Horizon,19.83,239,62973,390,102774,628,165337,NA
MOAB,A,5MST150,5,-150,21.9,22.5,BULK,A-Horizon,MOAB_A_5MST150_5_-150_21.9_22.5_BULK_A-Horizon,19.83,228,60081,369,97070,549,144515,NA
MOAB,A,5MST33,5,-33,21.9,22.5,BULK,A-Horizon,MOAB_A_5MST33_5_-33_21.9_22.5_BULK_A-Horizon,19.8,304,80066,531,139690,719,189289,NA
MOAB,Bk1,0MST400,0,-400,21.9,22.5,BULK,Upper B-Horizon,MOAB_Bk1_0MST400_0_-400_21.9_22.5_BULK_Upper B-Horizon,19.85,78,24147,128,39695,206,64063,NA
MOAB,Bk1,0MST150,0,-150,21.9,22.5,BULK,Upper B-Horizon,MOAB_Bk1_0MST150_0_-150_21.9_22.5_BULK_Upper B-Horizon,19.84,83,25604,126,39161,190,58807,NA
MOAB,Bk1,0MST33,0,-33,21.9,22.5,BULK,Upper B-Horizon,MOAB_Bk1_0MST33_0_-33_21.9_22.5_BULK_Upper B-Horizon,19.85,94,29085,147,45620,208,64474,NA
MOAB,Bk1,5MST400,5,-400,21.9,22.5,BULK,Upper B-Horizon,MOAB_Bk1_5MST400_5_-400_21.9_22.5_BULK_Upper B-Horizon,19.8,111,34483,191,59391,306,94798,NA
MOAB,Bk1,5MST150,5,-150,21.9,22.5,BULK,Upper B-Horizon,MOAB_Bk1_5MST150_5_-150_21.9_22.5_BULK_Upper B-Horizon,19.87,123,38061,179,55591,262,81384,NA
MOAB,Bk1,5MST33,5,-33,21.9,22.5,BULK,Upper B-Horizon,MOAB_Bk1_5MST33_5_-33_21.9_22.5_BULK_Upper B-Horizon,19.85,126,39150,210,65009,329,101945,NA
NGPR,A,0MST400,0,-400,19.9,20,BULK,A-Horizon,NGPR_A_0MST400_0_-400_19.9_20_BULK_A-Horizon,19.47,1050,42215,1396,56111,2015,81018,NA
NGPR,A,0MST150,0,-150,19.9,20,BULK,A-Horizon,NGPR_A_0MST150_0_-150_19.9_20_BULK_A-Horizon,19.48,1204,48413,1599,64280,2260,90865,NA
NGPR,A,0MST33,0,-33,19.9,20,BULK,A-Horizon,NGPR_A_0MST33_0_-33_19.9_20_BULK_A-Horizon,19.44,1177,47335,1643,66052,2361,94929,NA
NGPR,A,5MST400,5,-400,19.9,20,BULK,A-Horizon,NGPR_A_5MST400_5_-400_19.9_20_BULK_A-Horizon,19.46,1370,55083,1830,73580,2426,97516,NA
NGPR,A,5MST150,5,-150,19.9,20,BULK,A-Horizon,NGPR_A_5MST150_5_-150_19.9_20_BULK_A-Horizon,19.47,1824,73326,2488,100016,3123,125539,NA
NGPR,A,5MST33,5,-33,19.9,20,BULK,A-Horizon,NGPR_A_5MST33_5_-33_19.9_20_BULK_A-Horizon,19.4,1867,75069,2438,98015,3126,125668,NA
NGPR,Bt1,0MST400,0,-400,19.9,20,BULK,Upper B-Horizon,NGPR_Bt1_0MST400_0_-400_19.9_20_BULK_Upper B-Horizon,19.49,172,17593,242,24695,482,49260,NA
NGPR,Bt1,0MST150,0,-150,19.9,20,BULK,Upper B-Horizon,NGPR_Bt1_0MST150_0_-150_19.9_20_BULK_Upper B-Horizon,19.49,202,20620,269,27488,422,43137,NA
NGPR,Bt1,0MST33,0,-33,19.9,20,BULK,Upper B-Horizon,NGPR_Bt1_0MST33_0_-33_19.9_20_BULK_Upper B-Horizon,19.47,211,21587,314,32122,487,49700,NA
NGPR,Bt1,5MST400,5,-400,19.9,20,BULK,Upper B-Horizon,NGPR_Bt1_5MST400_5_-400_19.9_20_BULK_Upper B-Horizon,19.45,197,20097,270,27608,521,53227,NA
NGPR,Bt1,5MST150,5,-150,19.9,20,BULK,Upper B-Horizon,NGPR_Bt1_5MST150_5_-150_19.9_20_BULK_Upper B-Horizon,19.43,200,20400,261,26660,549,56049,NA
NGPR,Bt1,5MST33,5,-33,19.9,20,BULK,Upper B-Horizon,NGPR_Bt1_5MST33_5_-33_19.9_20_BULK_Upper B-Horizon,19.45,230,23507,318,32438,520,53115,NA
NIWO,A,0MST400,0,-400,9.2,10,BULK,A-Horizon,NIWO_A_0MST400_0_-400_9.2_10_BULK_A-Horizon,19.42,728,9198,1223,15444,1636,20668,NA
NIWO,A,0MST150,0,-150,9.2,10,BULK,A-Horizon,NIWO_A_0MST150_0_-150_9.2_10_BULK_A-Horizon,19.39,943,11911,1462,18466,1924,24309,NA
NIWO,A,0MST33,0,-33,9.2,10,BULK,A-Horizon,NIWO_A_0MST33_0_-33_9.2_10_BULK_A-Horizon,19.4,1018,12864,1538,19425,1988,25118,NA
NIWO,A,5MST400,5,-400,9.2,10,BULK,A-Horizon,NIWO_A_5MST400_5_-400_9.2_10_BULK_A-Horizon,19.38,1321,16689,1874,23678,2681,33872,NA
NIWO,A,5MST150,5,-150,9.2,10,BULK,A-Horizon,NIWO_A_5MST150_5_-150_9.2_10_BULK_A-Horizon,19.42,1526,19276,2033,25675,2498,31561,NA
NIWO,A,5MST33,5,-33,9.2,10,BULK,A-Horizon,NIWO_A_5MST33_5_-33_9.2_10_BULK_A-Horizon,19.36,1550,19577,2057,25987,2532,31984,NA
NIWO,Bw1,0MST400,0,-400,9.2,10,BULK,Upper B-Horizon,NIWO_Bw1_0MST400_0_-400_9.2_10_BULK_Upper B-Horizon,19.75,28,3801,37,5099,52,7078,NA
NIWO,Bw1,0MST150,0,-150,9.2,10,BULK,Upper B-Horizon,NIWO_Bw1_0MST150_0_-150_9.2_10_BULK_Upper B-Horizon,19.82,13,1737,16,2196,27,3708,NA
NIWO,Bw1,0MST33,0,-33,9.2,10,BULK,Upper B-Horizon,NIWO_Bw1_0MST33_0_-33_9.2_10_BULK_Upper B-Horizon,19.75,50,6832,74,10133,101,13828,NA
NIWO,Bw1,5MST400,5,-400,9.2,10,BULK,Upper B-Horizon,NIWO_Bw1_5MST400_5_-400_9.2_10_BULK_Upper B-Horizon,19.82,98,13433,125,17161,157,21521,NA
NIWO,Bw1,5MST150,5,-150,9.2,10,BULK,Upper B-Horizon,NIWO_Bw1_5MST150_5_-150_9.2_10_BULK_Upper B-Horizon,19.82,46,6316,63,8616,90,12303,NA
NIWO,Bw1,5MST33,5,-33,9.2,10,BULK,Upper B-Horizon,NIWO_Bw1_5MST33_5_-33_9.2_10_BULK_Upper B-Horizon,19.82,63,8577,93,12651,138,18893,NA
OSBS,A,0MST400,0,-400,27.2,27.5,BULK,A-Horizon,OSBS_A_0MST400_0_-400_27.2_27.5_BULK_A-Horizon,19.79,282,27800,364,35969,511,50471,NA
OSBS,A,0MST150,0,-150,27.2,27.5,BULK,A-Horizon,OSBS_A_0MST150_0_-150_27.2_27.5_BULK_A-Horizon,19.79,260,25667,339,33517,525,51849,NA
OSBS,A,0MST33,0,-33,27.2,27.5,BULK,A-Horizon,OSBS_A_0MST33_0_-33_27.2_27.5_BULK_A-Horizon,19.75,272,26863,352,34795,502,49518,NA
OSBS,A,5MST400,5,-400,27.2,27.5,BULK,A-Horizon,OSBS_A_5MST400_5_-400_27.2_27.5_BULK_A-Horizon,19.74,334,32942,437,43182,1048,103515,NA
OSBS,A,5MST150,5,-150,27.2,27.5,BULK,A-Horizon,OSBS_A_5MST150_5_-150_27.2_27.5_BULK_A-Horizon,19.79,317,31331,435,42898,1008,99566,NA
OSBS,A,5MST33,5,-33,27.2,27.5,BULK,A-Horizon,OSBS_A_5MST33_5_-33_27.2_27.5_BULK_A-Horizon,19.8,384,37895,525,51796,1056,104301,NA
OSBS,Bw1,0MST400,0,-400,27.2,27.5,BULK,Upper B-Horizon,OSBS_Bw1_0MST400_0_-400_27.2_27.5_BULK_Upper B-Horizon,19.57,40,25136,96,60184,340,212218,NA
OSBS,Bw1,0MST150,0,-150,27.2,27.5,BULK,Upper B-Horizon,OSBS_Bw1_0MST150_0_-150_27.2_27.5_BULK_Upper B-Horizon,19.59,42,26331,58,36426,162,100851,NA
OSBS,Bw1,0MST33,0,-33,27.2,27.5,BULK,Upper B-Horizon,OSBS_Bw1_0MST33_0_-33_27.2_27.5_BULK_Upper B-Horizon,19.56,51,31822,82,51136,157,98171,NA
OSBS,Bw1,5MST400,5,-400,27.2,27.5,BULK,Upper B-Horizon,OSBS_Bw1_5MST400_5_-400_27.2_27.5_BULK_Upper B-Horizon,19.61,105,65323,204,127336,778,485455,NA
OSBS,Bw1,5MST150,5,-150,27.2,27.5,BULK,Upper B-Horizon,OSBS_Bw1_5MST150_5_-150_27.2_27.5_BULK_Upper B-Horizon,19.59,84,52594,152,94846,578,360723,NA
OSBS,Bw1,5MST33,5,-33,27.2,27.5,BULK,Upper B-Horizon,OSBS_Bw1_5MST33_5_-33_27.2_27.5_BULK_Upper B-Horizon,19.59,105,65607,210,131160,630,392831,NA
RMNP,A1,0MST400,0,-400,13.7,15,BULK,A-Horizon,RMNP_A1_0MST400_0_-400_13.7_15_BULK_A-Horizon,19.66,713,37668,1012,53498,1406,74326,NA
RMNP,A1,0MST150,0,-150,13.7,15,BULK,A-Horizon,RMNP_A1_0MST150_0_-150_13.7_15_BULK_A-Horizon,19.64,786,41540,1210,63980,1638,86606,NA
RMNP,A1,0MST33,0,-33,13.7,15,BULK,A-Horizon,RMNP_A1_0MST33_0_-33_13.7_15_BULK_A-Horizon,19.66,866,45775,1321,69806,1772,93646,NA
RMNP,A1,5MST400,5,-400,13.7,15,BULK,A-Horizon,RMNP_A1_5MST400_5_-400_13.7_15_BULK_A-Horizon,19.64,1013,53553,1406,74309,1845,97505,NA
RMNP,A1,5MST150,5,-150,13.7,15,BULK,A-Horizon,RMNP_A1_5MST150_5_-150_13.7_15_BULK_A-Horizon,19.66,1087,57454,1521,80422,1989,105122,NA
RMNP,A1,5MST33,5,-33,13.7,15,BULK,A-Horizon,RMNP_A1_5MST33_5_-33_13.7_15_BULK_A-Horizon,19.64,1291,68268,1907,100809,2493,131808,NA
RMNP,Bt,0MST400,0,-400,13.7,15,BULK,Upper B-Horizon,RMNP_Bt_0MST400_0_-400_13.7_15_BULK_Upper B-Horizon,19.25,107,19575,158,28830,288,52546,NA
RMNP,Bt,0MST150,0,-150,13.7,15,BULK,Upper B-Horizon,RMNP_Bt_0MST150_0_-150_13.7_15_BULK_Upper B-Horizon,19.25,119,21790,182,33278,325,59423,NA
RMNP,Bt,0MST33,0,-33,13.7,15,BULK,Upper B-Horizon,RMNP_Bt_0MST33_0_-33_13.7_15_BULK_Upper B-Horizon,19.32,122,22311,175,31947,318,58066,NA
RMNP,Bt,5MST400,5,-400,13.7,15,BULK,Upper B-Horizon,RMNP_Bt_5MST400_5_-400_13.7_15_BULK_Upper B-Horizon,19.29,114,20812,170,31101,347,63416,NA
RMNP,Bt,5MST150,5,-150,13.7,15,BULK,Upper B-Horizon,RMNP_Bt_5MST150_5_-150_13.7_15_BULK_Upper B-Horizon,19.29,139,25377,209,38128,350,63980,NA
RMNP,Bt,5MST33,5,-33,13.7,15,BULK,Upper B-Horizon,RMNP_Bt_5MST33_5_-33_13.7_15_BULK_Upper B-Horizon,19.26,146,26696,214,39063,361,65997,NA
SERC,A,0MST400,0,-400,24.2,25,BULK,A-Horizon,SERC_A_0MST400_0_-400_24.2_25_BULK_A-Horizon,19.65,1401,45945,1895,62133,2726,89369,NA
SERC,A,0MST150,0,-150,24.2,25,BULK,A-Horizon,SERC_A_0MST150_0_-150_24.2_25_BULK_A-Horizon,19.71,1573,51579,2208,72402,3180,104278,NA
SERC,A,0MST33,0,-33,24.2,25,BULK,A-Horizon,SERC_A_0MST33_0_-33_24.2_25_BULK_A-Horizon,19.7,1699,55717,2256,73968,3137,102868,NA
SERC,A,5MST400,5,-400,24.2,25,BULK,A-Horizon,SERC_A_5MST400_5_-400_24.2_25_BULK_A-Horizon,19.66,2075,68052,3791,124314,4926,161536,NA
SERC,A,5MST150,5,-150,24.2,25,BULK,A-Horizon,SERC_A_5MST150_5_-150_24.2_25_BULK_A-Horizon,19.71,2149,70477,3334,109311,4794,157183,NA
SERC,A,5MST33,5,-33,24.2,25,BULK,A-Horizon,SERC_A_5MST33_5_-33_24.2_25_BULK_A-Horizon,19.7,1882,61712,2438,79931,3295,108032,NA
SERC,Bt1,0MST400,0,-400,24.2,25,BULK,Upper B-Horizon,SERC_Bt1_0MST400_0_-400_24.2_25_BULK_Upper B-Horizon,19.6,153,60035,300,117901,550,216200,NA
SERC,Bt1,0MST150,0,-150,24.2,25,BULK,Upper B-Horizon,SERC_Bt1_0MST150_0_-150_24.2_25_BULK_Upper B-Horizon,19.61,55,21524,143,56142,356,140060,NA
SERC,Bt1,0MST33,0,-33,24.2,25,BULK,Upper B-Horizon,SERC_Bt1_0MST33_0_-33_24.2_25_BULK_Upper B-Horizon,19.6,68,26726,141,55268,357,140511,NA
SERC,Bt1,5MST400,5,-400,24.2,25,BULK,Upper B-Horizon,SERC_Bt1_5MST400_5_-400_24.2_25_BULK_Upper B-Horizon,19.59,70,27631,119,46864,286,112551,NA
SERC,Bt1,5MST150,5,-150,24.2,25,BULK,Upper B-Horizon,SERC_Bt1_5MST150_5_-150_24.2_25_BULK_Upper B-Horizon,19.6,68,26730,111,43725,335,131750,NA
SERC,Bt1,5MST33,5,-33,24.2,25,BULK,Upper B-Horizon,SERC_Bt1_5MST33_5_-33_24.2_25_BULK_Upper B-Horizon,19.62,74,29261,115,45185,299,117404,NA
STEI,A1,0MST400,0,-400,17.9,17.5,BULK,A-Horizon,STEI_A1_0MST400_0_-400_17.9_17.5_BULK_A-Horizon,19.69,1275,37031,1863,54128,2635,76541,NA
STEI,A1,0MST150,0,-150,17.9,17.5,BULK,A-Horizon,STEI_A1_0MST150_0_-150_17.9_17.5_BULK_A-Horizon,19.73,1480,43002,2216,64370,3042,88363,NA
STEI,A1,0MST33,0,-33,17.9,17.5,BULK,A-Horizon,STEI_A1_0MST33_0_-33_17.9_17.5_BULK_A-Horizon,19.71,1691,49111,2186,63503,2783,80845,NA
STEI,A1,5MST400,5,-400,17.9,17.5,BULK,A-Horizon,STEI_A1_5MST400_5_-400_17.9_17.5_BULK_A-Horizon,19.76,1829,53130,2713,78810,4033,117163,NA
STEI,A1,5MST150,5,-150,17.9,17.5,BULK,A-Horizon,STEI_A1_5MST150_5_-150_17.9_17.5_BULK_A-Horizon,19.69,2347,68174,3610,104855,5056,146882,NA
STEI,A1,5MST33,5,-33,17.9,17.5,BULK,A-Horizon,STEI_A1_5MST33_5_-33_17.9_17.5_BULK_A-Horizon,19.72,2376,69016,3017,87650,3768,109452,NA
STEI,Bs1,0MST400,0,-400,17.9,17.5,BULK,Upper B-Horizon,STEI_Bs1_0MST400_0_-400_17.9_17.5_BULK_Upper B-Horizon,19.81,200,17207,308,26416,475,40781,NA
STEI,Bs1,0MST150,0,-150,17.9,17.5,BULK,Upper B-Horizon,STEI_Bs1_0MST150_0_-150_17.9_17.5_BULK_Upper B-Horizon,19.78,239,20481,371,31889,661,56741,NA
STEI,Bs1,0MST33,0,-33,17.9,17.5,BULK,Upper B-Horizon,STEI_Bs1_0MST33_0_-33_17.9_17.5_BULK_Upper B-Horizon,19.83,233,20011,379,32574,909,78015,NA
STEI,Bs1,5MST400,5,-400,17.9,17.5,BULK,Upper B-Horizon,STEI_Bs1_5MST400_5_-400_17.9_17.5_BULK_Upper B-Horizon,19.83,295,25294,449,38574,717,61561,NA
STEI,Bs1,5MST150,5,-150,17.9,17.5,BULK,Upper B-Horizon,STEI_Bs1_5MST150_5_-150_17.9_17.5_BULK_Upper B-Horizon,19.81,314,26937,511,43911,983,84372,NA
STEI,Bs1,5MST33,5,-33,17.9,17.5,BULK,Upper B-Horizon,STEI_Bs1_5MST33_5_-33_17.9_17.5_BULK_Upper B-Horizon,19.81,344,29501,628,53945,1178,101128,NA
SJER,A,0MST400,0,-400,25.6,25,BULK,A-Horizon,SJER_A_0MST400_0_-400_25.6_25_BULK_A-Horizon,19.94,216,37981,341,59800,479,84173,NA
SJER,A,0MST150,0,-150,25.6,25,BULK,A-Horizon,SJER_A_0MST150_0_-150_25.6_25_BULK_A-Horizon,19.89,248,43475,403,70713,610,107118,NA
SJER,A,0MST33,0,-33,25.6,25,BULK,A-Horizon,SJER_A_0MST33_0_-33_25.6_25_BULK_A-Horizon,19.96,289,50760,455,79971,613,107665,NA
SJER,A,5MST400,5,-400,25.6,25,BULK,A-Horizon,SJER_A_5MST400_5_-400_25.6_25_BULK_A-Horizon,19.95,286,50311,425,74612,640,112368,NA
SJER,A,5MST150,5,-150,25.6,25,BULK,A-Horizon,SJER_A_5MST150_5_-150_25.6_25_BULK_A-Horizon,19.91,291,51155,453,79561,669,117495,NA
SJER,A,5MST33,5,-33,25.6,25,BULK,A-Horizon,SJER_A_5MST33_5_-33_25.6_25_BULK_A-Horizon,19.93,350,61505,540,94914,748,131435,NA
SJER,Bw1,0MST400,0,-400,25.6,25,BULK,Upper B-Horizon,SJER_Bw1_0MST400_0_-400_25.6_25_BULK_Upper B-Horizon,19.87,31,28668,54,49885,87,79996,NA
SJER,Bw1,0MST150,0,-150,25.6,25,BULK,Upper B-Horizon,SJER_Bw1_0MST150_0_-150_25.6_25_BULK_Upper B-Horizon,19.94,28,26187,44,40461,70,64528,NA
SJER,Bw1,0MST33,0,-33,25.6,25,BULK,Upper B-Horizon,SJER_Bw1_0MST33_0_-33_25.6_25_BULK_Upper B-Horizon,19.93,29,27073,43,39075,61,56200,NA
SJER,Bw1,5MST400,5,-400,25.6,25,BULK,Upper B-Horizon,SJER_Bw1_5MST400_5_-400_25.6_25_BULK_Upper B-Horizon,19.87,33,30114,62,57182,97,89276,NA
SJER,Bw1,5MST150,5,-150,25.6,25,BULK,Upper B-Horizon,SJER_Bw1_5MST150_5_-150_25.6_25_BULK_Upper B-Horizon,19.93,34,30978,65,59564,115,105299,NA
SJER,Bw1,5MST33,5,-33,25.6,25,BULK,Upper B-Horizon,SJER_Bw1_5MST33_5_-33_25.6_25_BULK_Upper B-Horizon,19.91,36,33290,66,60250,121,110794,NA
SOAP,A,0MST400,0,-400,22.3,22.5,BULK,A-Horizon,SOAP_A_0MST400_0_-400_22.3_22.5_BULK_A-Horizon,19.67,686,24660,1028,36951,1479,53152,NA
SOAP,A,0MST150,0,-150,22.3,22.5,BULK,A-Horizon,SOAP_A_0MST150_0_-150_22.3_22.5_BULK_A-Horizon,19.6,710,25525,1052,37803,1550,55707,NA
SOAP,A,0MST33,0,-33,22.3,22.5,BULK,A-Horizon,SOAP_A_0MST33_0_-33_22.3_22.5_BULK_A-Horizon,19.67,797,28651,1192,42835,1695,60915,NA
SOAP,A,5MST400,5,-400,22.3,22.5,BULK,A-Horizon,SOAP_A_5MST400_5_-400_22.3_22.5_BULK_A-Horizon,19.62,838,30111,1255,45127,1937,69621,NA
SOAP,A,5MST150,5,-150,22.3,22.5,BULK,A-Horizon,SOAP_A_5MST150_5_-150_22.3_22.5_BULK_A-Horizon,19.59,849,30510,1270,45632,1895,68124,NA
SOAP,A,5MST33,5,-33,22.3,22.5,BULK,A-Horizon,SOAP_A_5MST33_5_-33_22.3_22.5_BULK_A-Horizon,19.62,916,32918,1320,47434,1921,69038,NA
SOAP,Bt1,0MST400,0,-400,22.3,22.5,BULK,Upper B-Horizon,SOAP_Bt1_0MST400_0_-400_22.3_22.5_BULK_Upper B-Horizon,19.45,82,14412,118,20688,186,32765,NA
SOAP,Bt1,0MST150,0,-150,22.3,22.5,BULK,Upper B-Horizon,SOAP_Bt1_0MST150_0_-150_22.3_22.5_BULK_Upper B-Horizon,19.49,94,16532,127,22349,195,34293,NA
SOAP,Bt1,0MST33,0,-33,22.3,22.5,BULK,Upper B-Horizon,SOAP_Bt1_0MST33_0_-33_22.3_22.5_BULK_Upper B-Horizon,19.52,108,19032,157,27588,263,46285,NA
SOAP,Bt1,5MST400,5,-400,22.3,22.5,BULK,Upper B-Horizon,SOAP_Bt1_5MST400_5_-400_22.3_22.5_BULK_Upper B-Horizon,19.46,112,19722,165,29086,262,46032,NA
SOAP,Bt1,5MST150,5,-150,22.3,22.5,BULK,Upper B-Horizon,SOAP_Bt1_5MST150_5_-150_22.3_22.5_BULK_Upper B-Horizon,19.49,119,20906,192,33759,391,68671,NA
SOAP,Bt1,5MST33,5,-33,22.3,22.5,BULK,Upper B-Horizon,SOAP_Bt1_5MST33_5_-33_22.3_22.5_BULK_Upper B-Horizon,19.5,121,21185,182,32063,310,54530,NA
STER,Ap1,0MST400,0,-400,21.6,22.5,BULK,A-Horizon,STER_Ap1_0MST400_0_-400_21.6_22.5_BULK_A-Horizon,19.43,422,41756,600,59404,871,86181,NA
STER,Ap1,0MST150,0,-150,21.6,22.5,BULK,A-Horizon,STER_Ap1_0MST150_0_-150_21.6_22.5_BULK_A-Horizon,19.42,485,47975,665,65810,931,92144,NA
STER,Ap1,0MST33,0,-33,21.6,22.5,BULK,A-Horizon,STER_Ap1_0MST33_0_-33_21.6_22.5_BULK_A-Horizon,19.44,549,54370,770,76216,1098,108706,NA
STER,Ap1,5MST400,5,-400,21.6,22.5,BULK,A-Horizon,STER_Ap1_5MST400_5_-400_21.6_22.5_BULK_A-Horizon,19.47,555,54926,811,80294,1114,110232,NA
STER,Ap1,5MST150,5,-150,21.6,22.5,BULK,A-Horizon,STER_Ap1_5MST150_5_-150_21.6_22.5_BULK_A-Horizon,19.42,630,62369,883,87362,1231,121833,NA
STER,Ap1,5MST33,5,-33,21.6,22.5,BULK,A-Horizon,STER_Ap1_5MST33_5_-33_21.6_22.5_BULK_A-Horizon,19.42,701,69350,965,95535,1353,133850,NA
STER,Bkt1,0MST400,0,-400,21.6,22.5,BULK,Upper B-Horizon,STER_Bkt1_0MST400_0_-400_21.6_22.5_BULK_Upper B-Horizon,19.51,56,13412,80,19013,165,39359,NA
STER,Bkt1,0MST150,0,-150,21.6,22.5,BULK,Upper B-Horizon,STER_Bkt1_0MST150_0_-150_21.6_22.5_BULK_Upper B-Horizon,19.43,58,13727,79,18736,145,34537,NA
STER,Bkt1,0MST33,0,-33,21.6,22.5,BULK,Upper B-Horizon,STER_Bkt1_0MST33_0_-33_21.6_22.5_BULK_Upper B-Horizon,19.48,74,17648,104,24902,201,47907,NA
STER,Bkt1,5MST400,5,-400,21.6,22.5,BULK,Upper B-Horizon,STER_Bkt1_5MST400_5_-400_21.6_22.5_BULK_Upper B-Horizon,19.43,72,17106,96,22898,184,43905,NA
STER,Bkt1,5MST150,5,-150,21.6,22.5,BULK,Upper B-Horizon,STER_Bkt1_5MST150_5_-150_21.6_22.5_BULK_Upper B-Horizon,19.51,90,21500,131,31271,255,60711,NA
STER,Bkt1,5MST33,5,-33,21.6,22.5,BULK,Upper B-Horizon,STER_Bkt1_5MST33_5_-33_21.6_22.5_BULK_Upper B-Horizon,19.5,111,26375,152,36187,243,58031,NA
TALL,A1,0MST400,0,-400,26.2,25,BULK,A-Horizon,TALL_A1_0MST400_0_-400_26.2_25_BULK_A-Horizon,19.9,781,26721,1118,38264,1567,53631,NA
TALL,A1,0MST150,0,-150,26.2,25,BULK,A-Horizon,TALL_A1_0MST150_0_-150_26.2_25_BULK_A-Horizon,19.9,790,27060,1141,39057,1547,52973,NA
TALL,A1,0MST33,0,-33,26.2,25,BULK,A-Horizon,TALL_A1_0MST33_0_-33_26.2_25_BULK_A-Horizon,19.97,944,32305,1341,45900,1694,57988,NA
TALL,A1,5MST400,5,-400,26.2,25,BULK,A-Horizon,TALL_A1_5MST400_5_-400_26.2_25_BULK_A-Horizon,19.94,922,31577,1305,44665,1798,61553,NA
TALL,A1,5MST150,5,-150,26.2,25,BULK,A-Horizon,TALL_A1_5MST150_5_-150_26.2_25_BULK_A-Horizon,19.93,1178,40344,1707,58422,2293,78483,NA
TALL,A1,5MST33,5,-33,26.2,25,BULK,A-Horizon,TALL_A1_5MST33_5_-33_26.2_25_BULK_A-Horizon,19.96,NA,NA,NA,NA,NA,NA,"Potential issue w/ lid not sealing properly for sampling period 01 through 07; consequently, data for t = 13, 26, and 52 weeks potentially not valid"
TALL,Bt1,0MST400,0,-400,26.2,25,BULK,Upper B-Horizon,TALL_Bt1_0MST400_0_-400_26.2_25_BULK_Upper B-Horizon,19.99,20,20035,30,30027,46,44953,NA
TALL,Bt1,0MST150,0,-150,26.2,25,BULK,Upper B-Horizon,TALL_Bt1_0MST150_0_-150_26.2_25_BULK_Upper B-Horizon,19.97,17,16916,33,32977,61,60569,NA
TALL,Bt1,0MST33,0,-33,26.2,25,BULK,Upper B-Horizon,TALL_Bt1_0MST33_0_-33_26.2_25_BULK_Upper B-Horizon,19.92,15,14939,23,22809,56,55439,NA
TALL,Bt1,5MST400,5,-400,26.2,25,BULK,Upper B-Horizon,TALL_Bt1_5MST400_5_-400_26.2_25_BULK_Upper B-Horizon,19.98,17,16771,28,27152,45,43906,NA
TALL,Bt1,5MST150,5,-150,26.2,25,BULK,Upper B-Horizon,TALL_Bt1_5MST150_5_-150_26.2_25_BULK_Upper B-Horizon,19.98,18,17839,28,27799,51,49952,NA
TALL,Bt1,5MST33,5,-33,26.2,25,BULK,Upper B-Horizon,TALL_Bt1_5MST33_5_-33_26.2_25_BULK_Upper B-Horizon,19.96,31,30135,52,51017,85,83982,NA
TREE,A1,0MST400,0,-400,17.9,17.5,BULK,A-Horizon,TREE_A1_0MST400_0_-400_17.9_17.5_BULK_A-Horizon,19.78,845,27351,1075,34778,1396,45187,NA
TREE,A1,0MST150,0,-150,17.9,17.5,BULK,A-Horizon,TREE_A1_0MST150_0_-150_17.9_17.5_BULK_A-Horizon,19.77,896,29008,1151,37240,1464,47370,NA
TREE,A1,0MST33,0,-33,17.9,17.5,BULK,A-Horizon,TREE_A1_0MST33_0_-33_17.9_17.5_BULK_A-Horizon,19.77,950,30725,1189,38474,1496,48394,NA
TREE,A1,5MST400,5,-400,17.9,17.5,BULK,A-Horizon,TREE_A1_5MST400_5_-400_17.9_17.5_BULK_A-Horizon,19.79,1181,38204,1535,49672,2006,64898,NA
TREE,A1,5MST150,5,-150,17.9,17.5,BULK,A-Horizon,TREE_A1_5MST150_5_-150_17.9_17.5_BULK_A-Horizon,19.84,1245,40296,1622,52498,2094,67761,NA
TREE,A1,5MST33,5,-33,17.9,17.5,BULK,A-Horizon,TREE_A1_5MST33_5_-33_17.9_17.5_BULK_A-Horizon,19.84,1326,42896,1670,54028,2128,68844,NA
TREE,Bs2,0MST400,0,-400,17.9,17.5,BULK,Upper B-Horizon,TREE_Bs2_0MST400_0_-400_17.9_17.5_BULK_Upper B-Horizon,19.85,83,16094,122,23647,206,39850,NA
TREE,Bs2,0MST150,0,-150,17.9,17.5,BULK,Upper B-Horizon,TREE_Bs2_0MST150_0_-150_17.9_17.5_BULK_Upper B-Horizon,19.9,82,15932,123,23790,171,33097,NA
TREE,Bs2,0MST33,0,-33,17.9,17.5,BULK,Upper B-Horizon,TREE_Bs2_0MST33_0_-33_17.9_17.5_BULK_Upper B-Horizon,19.87,86,16703,128,24810,249,48251,NA
TREE,Bs2,5MST400,5,-400,17.9,17.5,BULK,Upper B-Horizon,TREE_Bs2_5MST400_5_-400_17.9_17.5_BULK_Upper B-Horizon,19.89,117,22589,212,41092,333,64503,NA
TREE,Bs2,5MST150,5,-150,17.9,17.5,BULK,Upper B-Horizon,TREE_Bs2_5MST150_5_-150_17.9_17.5_BULK_Upper B-Horizon,19.92,79,15375,121,23354,178,34476,NA
TREE,Bs2,5MST33,5,-33,17.9,17.5,BULK,Upper B-Horizon,TREE_Bs2_5MST33_5_-33_17.9_17.5_BULK_Upper B-Horizon,19.84,46,8880,68,13114,90,17499,NA
UNDE,A,0MST400,0,-400,17.4,17.5,BULK,A-Horizon,UNDE_A_0MST400_0_-400_17.4_17.5_BULK_A-Horizon,19.75,916,35090,1189,45543,1536,58859,NA
UNDE,A,0MST150,0,-150,17.4,17.5,BULK,A-Horizon,UNDE_A_0MST150_0_-150_17.4_17.5_BULK_A-Horizon,19.75,989,37898,1271,48691,1651,63256,NA
UNDE,A,0MST33,0,-33,17.4,17.5,BULK,A-Horizon,UNDE_A_0MST33_0_-33_17.4_17.5_BULK_A-Horizon,19.74,1228,47036,1541,59029,1919,73516,NA
UNDE,A,5MST400,5,-400,17.4,17.5,BULK,A-Horizon,UNDE_A_5MST400_5_-400_17.4_17.5_BULK_A-Horizon,19.72,1281,49071,1696,64960,2226,85295,NA
UNDE,A,5MST150,5,-150,17.4,17.5,BULK,A-Horizon,UNDE_A_5MST150_5_-150_17.4_17.5_BULK_A-Horizon,19.73,1294,49570,1717,65791,2222,85131,NA
UNDE,A,5MST33,5,-33,17.4,17.5,BULK,A-Horizon,UNDE_A_5MST33_5_-33_17.4_17.5_BULK_A-Horizon,19.69,1411,54060,1848,70793,2368,90708,NA
UNDE,Bhs,0MST400,0,-400,17.4,17.5,BULK,Upper B-Horizon,UNDE_Bhs_0MST400_0_-400_17.4_17.5_BULK_Upper B-Horizon,19.72,128,10852,170,14377,216,18305,NA
UNDE,Bhs,0MST150,0,-150,17.4,17.5,BULK,Upper B-Horizon,UNDE_Bhs_0MST150_0_-150_17.4_17.5_BULK_Upper B-Horizon,19.71,137,11654,185,15672,266,22563,NA
UNDE,Bhs,0MST33,0,-33,17.4,17.5,BULK,Upper B-Horizon,UNDE_Bhs_0MST33_0_-33_17.4_17.5_BULK_Upper B-Horizon,19.78,152,12863,204,17258,290,24584,NA
UNDE,Bhs,5MST400,5,-400,17.4,17.5,BULK,Upper B-Horizon,UNDE_Bhs_5MST400_5_-400_17.4_17.5_BULK_Upper B-Horizon,19.78,171,14529,257,21756,360,30517,NA
UNDE,Bhs,5MST150,5,-150,17.4,17.5,BULK,Upper B-Horizon,UNDE_Bhs_5MST150_5_-150_17.4_17.5_BULK_Upper B-Horizon,19.71,185,15705,254,21578,345,29247,NA
UNDE,Bhs,5MST33,5,-33,17.4,17.5,BULK,Upper B-Horizon,UNDE_Bhs_5MST33_5_-33_17.4_17.5_BULK_Upper B-Horizon,19.76,190,16135,272,23061,NA,NA,"Sample disturbed after taking headspace sample UNb61_13; consequently, data for t = 52 weeks potentially not valid"
WOOD,Apk,0MST400,0,-400,19.5,20,BULK,A-Horizon,WOOD_Apk_0MST400_0_-400_19.5_20_BULK_A-Horizon,19.72,910,44834,1426,70288,2142,105548,NA
WOOD,Apk,0MST150,0,-150,19.5,20,BULK,A-Horizon,WOOD_Apk_0MST150_0_-150_19.5_20_BULK_A-Horizon,19.7,979,48242,1425,70224,2012,99165,NA
WOOD,Apk,0MST33,0,-33,19.5,20,BULK,A-Horizon,WOOD_Apk_0MST33_0_-33_19.5_20_BULK_A-Horizon,19.72,1122,55304,1651,81349,2460,121221,NA
WOOD,Apk,5MST400,5,-400,19.5,20,BULK,A-Horizon,WOOD_Apk_5MST400_5_-400_19.5_20_BULK_A-Horizon,19.68,1186,58465,1704,83964,2251,110951,NA
WOOD,Apk,5MST150,5,-150,19.5,20,BULK,A-Horizon,WOOD_Apk_5MST150_5_-150_19.5_20_BULK_A-Horizon,19.72,1309,64532,1883,92801,2503,123370,NA
WOOD,Apk,5MST33,5,-33,19.5,20,BULK,A-Horizon,WOOD_Apk_5MST33_5_-33_19.5_20_BULK_A-Horizon,19.69,1655,81553,2297,113204,3010,148338,NA
WOOD,Bk1,0MST400,0,-400,19.5,20,BULK,Upper B-Horizon,WOOD_Bk1_0MST400_0_-400_19.5_20_BULK_Upper B-Horizon,19.77,61,11613,91,17221,266,50432,NA
WOOD,Bk1,0MST150,0,-150,19.5,20,BULK,Upper B-Horizon,WOOD_Bk1_0MST150_0_-150_19.5_20_BULK_Upper B-Horizon,19.81,81,15414,117,22094,265,50267,NA
WOOD,Bk1,0MST33,0,-33,19.5,20,BULK,Upper B-Horizon,WOOD_Bk1_0MST33_0_-33_19.5_20_BULK_Upper B-Horizon,19.78,103,19467,159,30172,351,66501,NA
WOOD,Bk1,5MST400,5,-400,19.5,20,BULK,Upper B-Horizon,WOOD_Bk1_5MST400_5_-400_19.5_20_BULK_Upper B-Horizon,19.81,83,15649,132,25001,207,39305,NA
WOOD,Bk1,5MST150,5,-150,19.5,20,BULK,Upper B-Horizon,WOOD_Bk1_5MST150_5_-150_19.5_20_BULK_Upper B-Horizon,19.77,101,19138,163,30892,256,48516,NA
WOOD,Bk1,5MST33,5,-33,19.5,20,BULK,Upper B-Horizon,WOOD_Bk1_5MST33_5_-33_19.5_20_BULK_Upper B-Horizon,19.77,124,23490,192,36460,308,58355,NA
WREF,A1,0MST400,0,-400,17.5,17.5,BULK,A-Horizon,WREF_A1_0MST400_0_-400_17.5_17.5_BULK_A-Horizon,19.18,899,22866,1249,31783,1778,45222,NA
WREF,A1,0MST150,0,-150,17.5,17.5,BULK,A-Horizon,WREF_A1_0MST150_0_-150_17.5_17.5_BULK_A-Horizon,19.18,1028,26142,1434,36483,2157,54865,NA
WREF,A1,0MST33,0,-33,17.5,17.5,BULK,A-Horizon,WREF_A1_0MST33_0_-33_17.5_17.5_BULK_A-Horizon,19.17,1108,28198,1593,40517,3358,85439,NA
WREF,A1,5MST400,5,-400,17.5,17.5,BULK,A-Horizon,WREF_A1_5MST400_5_-400_17.5_17.5_BULK_A-Horizon,19.17,1206,30675,1719,43723,2730,69457,NA
WREF,A1,5MST150,5,-150,17.5,17.5,BULK,A-Horizon,WREF_A1_5MST150_5_-150_17.5_17.5_BULK_A-Horizon,19.16,1259,32024,1838,46750,3201,81440,NA
WREF,A1,5MST33,5,-33,17.5,17.5,BULK,A-Horizon,WREF_A1_5MST33_5_-33_17.5_17.5_BULK_A-Horizon,19.18,1489,37876,2748,69908,5752,146337,NA
WREF,Bw1,0MST400,0,-400,17.5,17.5,BULK,Upper B-Horizon,WREF_Bw1_0MST400_0_-400_17.5_17.5_BULK_Upper B-Horizon,19.09,30,3924,51,6648,62,8152,NA
WREF,Bw1,0MST150,0,-150,17.5,17.5,BULK,Upper B-Horizon,WREF_Bw1_0MST150_0_-150_17.5_17.5_BULK_Upper B-Horizon,19.07,32,4133,48,6242,61,8021,NA
WREF,Bw1,0MST33,0,-33,17.5,17.5,BULK,Upper B-Horizon,WREF_Bw1_0MST33_0_-33_17.5_17.5_BULK_Upper B-Horizon,19.09,46,6005,69,9020,98,12865,NA
WREF,Bw1,5MST400,5,-400,17.5,17.5,BULK,Upper B-Horizon,WREF_Bw1_5MST400_5_-400_17.5_17.5_BULK_Upper B-Horizon,19.13,53,6884,67,8834,79,10322,NA
WREF,Bw1,5MST150,5,-150,17.5,17.5,BULK,Upper B-Horizon,WREF_Bw1_5MST150_5_-150_17.5_17.5_BULK_Upper B-Horizon,19.07,56,7328,80,10488,115,15078,NA
WREF,Bw1,5MST33,5,-33,17.5,17.5,BULK,Upper B-Horizon,WREF_Bw1_5MST33_5_-33_17.5_17.5_BULK_Upper B-Horizon,19.09,70,9228,99,12931,131,17187,NA
BARR,Oaf,0MST150,0,-150,3.6,10,BULK,A-Horizon,BARR_Oaf_0MST150_0_-150_3.6_10_BULK_A-Horizon,4.75,1754,9054,NA,NA,NA,NA,NA
BARR,Oaf,0MST33,0,-33,3.6,10,BULK,A-Horizon,BARR_Oaf_0MST33_0_-33_3.6_10_BULK_A-Horizon,4.76,2005,10352,NA,NA,NA,NA,NA
BARR,Oaf,0MST400,0,-400,3.6,10,BULK,A-Horizon,BARR_Oaf_0MST400_0_-400_3.6_10_BULK_A-Horizon,4.75,1868,9643,NA,NA,NA,NA,NA
BARR,Oaf,5MST150,5,-150,3.6,10,BULK,A-Horizon,BARR_Oaf_5MST150_5_-150_3.6_10_BULK_A-Horizon,4.75,2523,13026,NA,NA,NA,NA,NA
BARR,Oaf,5MST33,5,-33,3.6,10,BULK,A-Horizon,BARR_Oaf_5MST33_5_-33_3.6_10_BULK_A-Horizon,4.77,2692,13896,NA,NA,NA,NA,NA
BARR,Oaf,5MST400,5,-400,3.6,10,BULK,A-Horizon,BARR_Oaf_5MST400_5_-400_3.6_10_BULK_A-Horizon,4.77,2451,12653,NA,NA,NA,NA,NA
BARR,OACfjj,0MST150,0,-150,3.6,10,BULK,Upper B-Horizon,BARR_OACfjj_0MST150_0_-150_3.6_10_BULK_Upper B-Horizon,9.77,1734,24630,NA,NA,NA,NA,NA
BARR,OACfjj,0MST33,0,-33,3.6,10,BULK,Upper B-Horizon,BARR_OACfjj_0MST33_0_-33_3.6_10_BULK_Upper B-Horizon,9.75,1592,22615,NA,NA,NA,NA,NA
BARR,OACfjj,0MST400,0,-400,3.6,10,BULK,Upper B-Horizon,BARR_OACfjj_0MST400_0_-400_3.6_10_BULK_Upper B-Horizon,9.78,1322,18776,NA,NA,NA,NA,NA
BARR,OACfjj,5MST150,5,-150,3.6,10,BULK,Upper B-Horizon,BARR_OACfjj_5MST150_5_-150_3.6_10_BULK_Upper B-Horizon,9.77,2170,30818,NA,NA,NA,NA,NA
BARR,OACfjj,5MST33,5,-33,3.6,10,BULK,Upper B-Horizon,BARR_OACfjj_5MST33_5_-33_3.6_10_BULK_Upper B-Horizon,9.78,2396,34036,NA,NA,NA,NA,NA
BARR,OACfjj,5MST400,5,-400,3.6,10,BULK,Upper B-Horizon,BARR_OACfjj_5MST400_5_-400_3.6_10_BULK_Upper B-Horizon,9.76,1480,21016,NA,NA,NA,NA,NA
BONA,Oea,0MST150,0,-150,13.9,15,BULK,A-Horizon,BONA_Oea_0MST150_0_-150_13.9_15_BULK_A-Horizon,4.67,5597,24011,NA,NA,NA,NA,NA
BONA,Oea,0MST33,0,-33,13.9,15,BULK,A-Horizon,BONA_Oea_0MST33_0_-33_13.9_15_BULK_A-Horizon,4.66,5857,25126,NA,NA,NA,NA,NA
BONA,Oea,0MST400,0,-400,13.9,15,BULK,A-Horizon,BONA_Oea_0MST400_0_-400_13.9_15_BULK_A-Horizon,4.67,5273,22620,NA,NA,NA,NA,NA
BONA,Oea,5MST150,5,-150,13.9,15,BULK,A-Horizon,BONA_Oea_5MST150_5_-150_13.9_15_BULK_A-Horizon,4.67,7521,32264,NA,NA,NA,NA,NA
BONA,Oea,5MST33,5,-33,13.9,15,BULK,A-Horizon,BONA_Oea_5MST33_5_-33_13.9_15_BULK_A-Horizon,4.69,7867,33748,NA,NA,NA,NA,NA
BONA,Oea,5MST400,5,-400,13.9,15,BULK,A-Horizon,BONA_Oea_5MST400_5_-400_13.9_15_BULK_A-Horizon,4.67,7761,33294,NA,NA,NA,NA,NA
BONA,Bfgjj,0MST150,0,-150,13.9,15,BULK,Upper B-Horizon,BONA_Bfgjj_0MST150_0_-150_13.9_15_BULK_Upper B-Horizon,9.9,282,9249,NA,NA,NA,NA,NA
BONA,Bfgjj,0MST33,0,-33,13.9,15,BULK,Upper B-Horizon,BONA_Bfgjj_0MST33_0_-33_13.9_15_BULK_Upper B-Horizon,9.88,331,10864,NA,NA,NA,NA,NA
BONA,Bfgjj,0MST400,0,-400,13.9,15,BULK,Upper B-Horizon,BONA_Bfgjj_0MST400_0_-400_13.9_15_BULK_Upper B-Horizon,9.89,213,6978,NA,NA,NA,NA,NA
BONA,Bfgjj,5MST150,5,-150,13.9,15,BULK,Upper B-Horizon,BONA_Bfgjj_5MST150_5_-150_13.9_15_BULK_Upper B-Horizon,9.87,409,13413,NA,NA,NA,NA,NA
BONA,Bfgjj,5MST33,5,-33,13.9,15,BULK,Upper B-Horizon,BONA_Bfgjj_5MST33_5_-33_13.9_15_BULK_Upper B-Horizon,9.89,408,13386,NA,NA,NA,NA,NA
BONA,Bfgjj,5MST400,5,-400,13.9,15,BULK,Upper B-Horizon,BONA_Bfgjj_5MST400_5_-400_13.9_15_BULK_Upper B-Horizon,9.88,311,10209,NA,NA,NA,NA,NA
HEAL,Oae,0MST150,0,-150,13.8,15,BULK,A-Horizon,HEAL_Oae_0MST150_0_-150_13.8_15_BULK_A-Horizon,4.63,10017,25391,NA,NA,NA,NA,NA
HEAL,Oae,0MST33,0,-33,13.8,15,BULK,A-Horizon,HEAL_Oae_0MST33_0_-33_13.8_15_BULK_A-Horizon,4.62,10491,26594,NA,NA,NA,NA,NA
HEAL,Oae,0MST400,0,-400,13.8,15,BULK,A-Horizon,HEAL_Oae_0MST400_0_-400_13.8_15_BULK_A-Horizon,4.63,9556,24224,NA,NA,NA,NA,NA
HEAL,Oae,5MST150,5,-150,13.8,15,BULK,A-Horizon,HEAL_Oae_5MST150_5_-150_13.8_15_BULK_A-Horizon,4.64,12907,32718,NA,NA,NA,NA,NA
HEAL,Oae,5MST33,5,-33,13.8,15,BULK,A-Horizon,HEAL_Oae_5MST33_5_-33_13.8_15_BULK_A-Horizon,4.63,13801,34983,NA,NA,NA,NA,NA
HEAL,Oae,5MST400,5,-400,13.8,15,BULK,A-Horizon,HEAL_Oae_5MST400_5_-400_13.8_15_BULK_A-Horizon,4.63,13177,33403,NA,NA,NA,NA,NA
HEAL,Afjj,0MST150,0,-150,13.8,15,BULK,Upper B-Horizon,HEAL_Afjj_0MST150_0_-150_13.8_15_BULK_Upper B-Horizon,9.81,624,5713,NA,NA,NA,NA,NA
HEAL,Afjj,0MST33,0,-33,13.8,15,BULK,Upper B-Horizon,HEAL_Afjj_0MST33_0_-33_13.8_15_BULK_Upper B-Horizon,9.81,671,6142,NA,NA,NA,NA,NA
HEAL,Afjj,0MST400,0,-400,13.8,15,BULK,Upper B-Horizon,HEAL_Afjj_0MST400_0_-400_13.8_15_BULK_Upper B-Horizon,9.82,679,6218,NA,NA,NA,NA,NA
HEAL,Afjj,5MST150,5,-150,13.8,15,BULK,Upper B-Horizon,HEAL_Afjj_5MST150_5_-150_13.8_15_BULK_Upper B-Horizon,9.82,846,7751,NA,NA,NA,NA,NA
HEAL,Afjj,5MST33,5,-33,13.8,15,BULK,Upper B-Horizon,HEAL_Afjj_5MST33_5_-33_13.8_15_BULK_Upper B-Horizon,9.82,1059,9694,NA,NA,NA,NA,NA
HEAL,Afjj,5MST400,5,-400,13.8,15,BULK,Upper B-Horizon,HEAL_Afjj_5MST400_5_-400_13.8_15_BULK_Upper B-Horizon,9.82,815,7466,NA,NA,NA,NA,NA
